"_date_iso","_home_nick","_away_nick","book","_market_norm","side","side_norm","line","price","decimal","implied_prob"
"2025-09-28T20:06:00Z","LOS_ANGELES_RAMS","INDIANAPOLIS_COLTS","DraftKings","H2H","Indianapolis Colts","AWAY","","650","7.5","0.133333"
"2025-09-28T20:06:00Z","LOS_ANGELES_RAMS","INDIANAPOLIS_COLTS","DraftKings","H2H","Los Angeles Rams","HOME","","-1150","1.086957","0.92"
"2025-09-28T20:06:00Z","LOS_ANGELES_RAMS","INDIANAPOLIS_COLTS","FanDuel","H2H","Indianapolis Colts","AWAY","","1000","11","0.090909"
"2025-09-28T20:06:00Z","LOS_ANGELES_RAMS","INDIANAPOLIS_COLTS","FanDuel","H2H","Los Angeles Rams","HOME","","-3000","1.033333","0.967742"
"2025-09-28T20:06:00Z","LOS_ANGELES_RAMS","INDIANAPOLIS_COLTS","MyBookie.ag","H2H","Indianapolis Colts","AWAY","","-143","1.699301","0.588477"
"2025-09-28T20:06:00Z","LOS_ANGELES_RAMS","INDIANAPOLIS_COLTS","MyBookie.ag","H2H","Los Angeles Rams","HOME","","105","2.05","0.487805"
"2025-09-28T20:06:00Z","LOS_ANGELES_RAMS","INDIANAPOLIS_COLTS","BetRivers","H2H","Indianapolis Colts","AWAY","","550","6.5","0.153846"
"2025-09-28T20:06:00Z","LOS_ANGELES_RAMS","INDIANAPOLIS_COLTS","BetRivers","H2H","Los Angeles Rams","HOME","","-1250","1.08","0.925926"
"2025-09-28T20:06:00Z","LOS_ANGELES_RAMS","INDIANAPOLIS_COLTS","Bovada","H2H","Indianapolis Colts","AWAY","","160","2.6","0.384615"
"2025-09-28T20:06:00Z","LOS_ANGELES_RAMS","INDIANAPOLIS_COLTS","Bovada","H2H","Los Angeles Rams","HOME","","-210","1.47619","0.67742"
"2025-09-28T20:06:00Z","LOS_ANGELES_RAMS","INDIANAPOLIS_COLTS","BetMGM","H2H","Indianapolis Colts","AWAY","","675","7.75","0.129032"
"2025-09-28T20:06:00Z","LOS_ANGELES_RAMS","INDIANAPOLIS_COLTS","BetMGM","H2H","Los Angeles Rams","HOME","","-1200","1.083333","0.923077"
"2025-09-28T20:08:00Z","SAN_FRANCISCO_49ERS","JACKSONVILLE_JAGUARS","DraftKings","H2H","Jacksonville Jaguars","AWAY","","-620","1.16129","0.861111"
"2025-09-28T20:08:00Z","SAN_FRANCISCO_49ERS","JACKSONVILLE_JAGUARS","DraftKings","H2H","San Francisco 49ers","HOME","","400","5","0.2"
"2025-09-28T20:08:00Z","SAN_FRANCISCO_49ERS","JACKSONVILLE_JAGUARS","FanDuel","H2H","Jacksonville Jaguars","AWAY","","-295","1.338983","0.746835"
"2025-09-28T20:08:00Z","SAN_FRANCISCO_49ERS","JACKSONVILLE_JAGUARS","FanDuel","H2H","San Francisco 49ers","HOME","","220","3.2","0.3125"
"2025-09-28T20:08:00Z","SAN_FRANCISCO_49ERS","JACKSONVILLE_JAGUARS","MyBookie.ag","H2H","Jacksonville Jaguars","AWAY","","-400","1.25","0.8"
"2025-09-28T20:08:00Z","SAN_FRANCISCO_49ERS","JACKSONVILLE_JAGUARS","MyBookie.ag","H2H","San Francisco 49ers","HOME","","255","3.55","0.28169"
"2025-09-28T20:08:00Z","SAN_FRANCISCO_49ERS","JACKSONVILLE_JAGUARS","BetRivers","H2H","Jacksonville Jaguars","AWAY","","-590","1.169492","0.855072"
"2025-09-28T20:08:00Z","SAN_FRANCISCO_49ERS","JACKSONVILLE_JAGUARS","BetRivers","H2H","San Francisco 49ers","HOME","","340","4.4","0.227273"
"2025-09-28T20:08:00Z","SAN_FRANCISCO_49ERS","JACKSONVILLE_JAGUARS","Bovada","H2H","Jacksonville Jaguars","AWAY","","-335","1.298507","0.770115"
"2025-09-28T20:08:00Z","SAN_FRANCISCO_49ERS","JACKSONVILLE_JAGUARS","Bovada","H2H","San Francisco 49ers","HOME","","240","3.4","0.294118"
"2025-09-28T20:08:00Z","SAN_FRANCISCO_49ERS","JACKSONVILLE_JAGUARS","BetMGM","H2H","Jacksonville Jaguars","AWAY","","-210","1.47619","0.67742"
"2025-09-28T20:08:00Z","SAN_FRANCISCO_49ERS","JACKSONVILLE_JAGUARS","BetMGM","H2H","San Francisco 49ers","HOME","","165","2.65","0.377358"
"2025-09-28T20:26:00Z","LAS_VEGAS_RAIDERS","CHICAGO_BEARS","DraftKings","H2H","Chicago Bears","AWAY","","380","4.8","0.208333"
"2025-09-28T20:26:00Z","LAS_VEGAS_RAIDERS","CHICAGO_BEARS","DraftKings","H2H","Las Vegas Raiders","HOME","","-580","1.172414","0.852941"
"2025-09-28T20:26:00Z","LAS_VEGAS_RAIDERS","CHICAGO_BEARS","FanDuel","H2H","Chicago Bears","AWAY","","260","3.6","0.277778"
"2025-09-28T20:26:00Z","LAS_VEGAS_RAIDERS","CHICAGO_BEARS","FanDuel","H2H","Las Vegas Raiders","HOME","","-360","1.277778","0.782609"
"2025-09-28T20:26:00Z","LAS_VEGAS_RAIDERS","CHICAGO_BEARS","MyBookie.ag","H2H","Chicago Bears","AWAY","","100","2","0.5"
"2025-09-28T20:26:00Z","LAS_VEGAS_RAIDERS","CHICAGO_BEARS","MyBookie.ag","H2H","Las Vegas Raiders","HOME","","-133","1.75188","0.570815"
"2025-09-28T20:26:00Z","LAS_VEGAS_RAIDERS","CHICAGO_BEARS","BetRivers","H2H","Chicago Bears","AWAY","","260","3.6","0.277778"
"2025-09-28T20:26:00Z","LAS_VEGAS_RAIDERS","CHICAGO_BEARS","BetRivers","H2H","Las Vegas Raiders","HOME","","-400","1.25","0.8"
"2025-09-28T20:26:00Z","LAS_VEGAS_RAIDERS","CHICAGO_BEARS","Bovada","H2H","Chicago Bears","AWAY","","315","4.15","0.240964"
"2025-09-28T20:26:00Z","LAS_VEGAS_RAIDERS","CHICAGO_BEARS","Bovada","H2H","Las Vegas Raiders","HOME","","-475","1.210526","0.826087"
"2025-09-28T20:26:00Z","LAS_VEGAS_RAIDERS","CHICAGO_BEARS","BetMGM","H2H","Chicago Bears","AWAY","","260","3.6","0.277778"
"2025-09-28T20:26:00Z","LAS_VEGAS_RAIDERS","CHICAGO_BEARS","BetMGM","H2H","Las Vegas Raiders","HOME","","-350","1.285714","0.777778"
"2025-09-29T00:21:00Z","DALLAS_COWBOYS","GREEN_BAY_PACKERS","DraftKings","H2H","Dallas Cowboys","HOME","","280","3.8","0.263158"
"2025-09-29T00:21:00Z","DALLAS_COWBOYS","GREEN_BAY_PACKERS","DraftKings","H2H","Green Bay Packers","AWAY","","-355","1.28169","0.78022"
"2025-09-29T00:21:00Z","DALLAS_COWBOYS","GREEN_BAY_PACKERS","BetUS","H2H","Dallas Cowboys","HOME","","253","3.53","0.283286"
"2025-09-29T00:21:00Z","DALLAS_COWBOYS","GREEN_BAY_PACKERS","BetUS","H2H","Green Bay Packers","AWAY","","-305","1.327869","0.753086"
"2025-09-29T00:21:00Z","DALLAS_COWBOYS","GREEN_BAY_PACKERS","BetMGM","H2H","Dallas Cowboys","HOME","","275","3.75","0.266667"
"2025-09-29T00:21:00Z","DALLAS_COWBOYS","GREEN_BAY_PACKERS","BetMGM","H2H","Green Bay Packers","AWAY","","-350","1.285714","0.777778"
"2025-09-29T00:21:00Z","DALLAS_COWBOYS","GREEN_BAY_PACKERS","FanDuel","H2H","Dallas Cowboys","HOME","","245","3.45","0.289855"
"2025-09-29T00:21:00Z","DALLAS_COWBOYS","GREEN_BAY_PACKERS","FanDuel","H2H","Green Bay Packers","AWAY","","-300","1.333333","0.75"
"2025-09-29T00:21:00Z","DALLAS_COWBOYS","GREEN_BAY_PACKERS","MyBookie.ag","H2H","Dallas Cowboys","HOME","","280","3.8","0.263158"
"2025-09-29T00:21:00Z","DALLAS_COWBOYS","GREEN_BAY_PACKERS","MyBookie.ag","H2H","Green Bay Packers","AWAY","","-360","1.277778","0.782609"
"2025-09-29T00:21:00Z","DALLAS_COWBOYS","GREEN_BAY_PACKERS","BetOnline.ag","H2H","Dallas Cowboys","HOME","","280","3.8","0.263158"
"2025-09-29T00:21:00Z","DALLAS_COWBOYS","GREEN_BAY_PACKERS","BetOnline.ag","H2H","Green Bay Packers","AWAY","","-350","1.285714","0.777778"
"2025-09-29T00:21:00Z","DALLAS_COWBOYS","GREEN_BAY_PACKERS","LowVig.ag","H2H","Dallas Cowboys","HOME","","267","3.67","0.27248"
"2025-09-29T00:21:00Z","DALLAS_COWBOYS","GREEN_BAY_PACKERS","LowVig.ag","H2H","Green Bay Packers","AWAY","","-330","1.30303","0.767442"
"2025-09-29T00:21:00Z","DALLAS_COWBOYS","GREEN_BAY_PACKERS","BetRivers","H2H","Dallas Cowboys","HOME","","245","3.45","0.289855"
"2025-09-29T00:21:00Z","DALLAS_COWBOYS","GREEN_BAY_PACKERS","BetRivers","H2H","Green Bay Packers","AWAY","","-360","1.277778","0.782609"
"2025-09-29T00:21:00Z","DALLAS_COWBOYS","GREEN_BAY_PACKERS","Bovada","H2H","Dallas Cowboys","HOME","","270","3.7","0.27027"
"2025-09-29T00:21:00Z","DALLAS_COWBOYS","GREEN_BAY_PACKERS","Bovada","H2H","Green Bay Packers","AWAY","","-340","1.294118","0.772727"
"2025-09-29T23:16:00Z","MIAMI_DOLPHINS","NEW_YORK_JETS","DraftKings","H2H","Miami Dolphins","HOME","","-155","1.645161","0.607843"
"2025-09-29T23:16:00Z","MIAMI_DOLPHINS","NEW_YORK_JETS","DraftKings","H2H","New York Jets","AWAY","","130","2.3","0.434783"
"2025-09-29T23:16:00Z","MIAMI_DOLPHINS","NEW_YORK_JETS","BetMGM","H2H","Miami Dolphins","HOME","","-150","1.666667","0.6"
"2025-09-29T23:16:00Z","MIAMI_DOLPHINS","NEW_YORK_JETS","BetMGM","H2H","New York Jets","AWAY","","125","2.25","0.444444"
"2025-09-29T23:16:00Z","MIAMI_DOLPHINS","NEW_YORK_JETS","FanDuel","H2H","Miami Dolphins","HOME","","-156","1.641026","0.609375"
"2025-09-29T23:16:00Z","MIAMI_DOLPHINS","NEW_YORK_JETS","FanDuel","H2H","New York Jets","AWAY","","132","2.32","0.431034"
"2025-09-29T23:16:00Z","MIAMI_DOLPHINS","NEW_YORK_JETS","MyBookie.ag","H2H","Miami Dolphins","HOME","","-157","1.636943","0.610895"
"2025-09-29T23:16:00Z","MIAMI_DOLPHINS","NEW_YORK_JETS","MyBookie.ag","H2H","New York Jets","AWAY","","129","2.29","0.436681"
"2025-09-29T23:16:00Z","MIAMI_DOLPHINS","NEW_YORK_JETS","LowVig.ag","H2H","Miami Dolphins","HOME","","-150","1.666667","0.6"
"2025-09-29T23:16:00Z","MIAMI_DOLPHINS","NEW_YORK_JETS","LowVig.ag","H2H","New York Jets","AWAY","","130","2.3","0.434783"
"2025-09-29T23:16:00Z","MIAMI_DOLPHINS","NEW_YORK_JETS","BetOnline.ag","H2H","Miami Dolphins","HOME","","-150","1.666667","0.6"
"2025-09-29T23:16:00Z","MIAMI_DOLPHINS","NEW_YORK_JETS","BetOnline.ag","H2H","New York Jets","AWAY","","130","2.3","0.434783"
"2025-09-29T23:16:00Z","MIAMI_DOLPHINS","NEW_YORK_JETS","BetUS","H2H","Miami Dolphins","HOME","","-150","1.666667","0.6"
"2025-09-29T23:16:00Z","MIAMI_DOLPHINS","NEW_YORK_JETS","BetUS","H2H","New York Jets","AWAY","","129","2.29","0.436681"
"2025-09-29T23:16:00Z","MIAMI_DOLPHINS","NEW_YORK_JETS","BetRivers","H2H","Miami Dolphins","HOME","","-148","1.675676","0.596774"
"2025-09-29T23:16:00Z","MIAMI_DOLPHINS","NEW_YORK_JETS","BetRivers","H2H","New York Jets","AWAY","","120","2.2","0.454545"
"2025-09-29T23:16:00Z","MIAMI_DOLPHINS","NEW_YORK_JETS","Bovada","H2H","Miami Dolphins","HOME","","-150","1.666667","0.6"
"2025-09-29T23:16:00Z","MIAMI_DOLPHINS","NEW_YORK_JETS","Bovada","H2H","New York Jets","AWAY","","130","2.3","0.434783"
"2025-09-30T00:16:00Z","DENVER_BRONCOS","CINCINNATI_BENGALS","DraftKings","H2H","Cincinnati Bengals","AWAY","","390","4.9","0.204082"
"2025-09-30T00:16:00Z","DENVER_BRONCOS","CINCINNATI_BENGALS","DraftKings","H2H","Denver Broncos","HOME","","-520","1.192308","0.838709"
"2025-09-30T00:16:00Z","DENVER_BRONCOS","CINCINNATI_BENGALS","BetUS","H2H","Cincinnati Bengals","AWAY","","345","4.45","0.224719"
"2025-09-30T00:16:00Z","DENVER_BRONCOS","CINCINNATI_BENGALS","BetUS","H2H","Denver Broncos","HOME","","-440","1.227273","0.814815"
"2025-09-30T00:16:00Z","DENVER_BRONCOS","CINCINNATI_BENGALS","FanDuel","H2H","Cincinnati Bengals","AWAY","","360","4.6","0.217391"
"2025-09-30T00:16:00Z","DENVER_BRONCOS","CINCINNATI_BENGALS","FanDuel","H2H","Denver Broncos","HOME","","-460","1.217391","0.821429"
"2025-09-30T00:16:00Z","DENVER_BRONCOS","CINCINNATI_BENGALS","MyBookie.ag","H2H","Cincinnati Bengals","AWAY","","327","4.27","0.234192"
"2025-09-30T00:16:00Z","DENVER_BRONCOS","CINCINNATI_BENGALS","MyBookie.ag","H2H","Denver Broncos","HOME","","-443","1.225734","0.815838"
"2025-09-30T00:16:00Z","DENVER_BRONCOS","CINCINNATI_BENGALS","LowVig.ag","H2H","Cincinnati Bengals","AWAY","","344","4.44","0.225225"
"2025-09-30T00:16:00Z","DENVER_BRONCOS","CINCINNATI_BENGALS","LowVig.ag","H2H","Denver Broncos","HOME","","-440","1.227273","0.814815"
"2025-09-30T00:16:00Z","DENVER_BRONCOS","CINCINNATI_BENGALS","BetOnline.ag","H2H","Cincinnati Bengals","AWAY","","344","4.44","0.225225"
"2025-09-30T00:16:00Z","DENVER_BRONCOS","CINCINNATI_BENGALS","BetOnline.ag","H2H","Denver Broncos","HOME","","-440","1.227273","0.814815"
"2025-09-30T00:16:00Z","DENVER_BRONCOS","CINCINNATI_BENGALS","BetRivers","H2H","Cincinnati Bengals","AWAY","","310","4.1","0.243902"
"2025-09-30T00:16:00Z","DENVER_BRONCOS","CINCINNATI_BENGALS","BetRivers","H2H","Denver Broncos","HOME","","-455","1.21978","0.81982"
"2025-09-30T00:16:00Z","DENVER_BRONCOS","CINCINNATI_BENGALS","Bovada","H2H","Cincinnati Bengals","AWAY","","330","4.3","0.232558"
"2025-09-30T00:16:00Z","DENVER_BRONCOS","CINCINNATI_BENGALS","Bovada","H2H","Denver Broncos","HOME","","-440","1.227273","0.814815"
"2025-09-30T00:16:00Z","DENVER_BRONCOS","CINCINNATI_BENGALS","BetMGM","H2H","Cincinnati Bengals","AWAY","","350","4.5","0.222222"
"2025-09-30T00:16:00Z","DENVER_BRONCOS","CINCINNATI_BENGALS","BetMGM","H2H","Denver Broncos","HOME","","-450","1.222222","0.818182"
"2025-10-02T23:16:00Z","LOS_ANGELES_RAMS","SAN_FRANCISCO_49ERS","FanDuel","H2H","Los Angeles Rams","HOME","","-168","1.595238","0.626866"
"2025-10-02T23:16:00Z","LOS_ANGELES_RAMS","SAN_FRANCISCO_49ERS","FanDuel","H2H","San Francisco 49ers","AWAY","","142","2.42","0.413223"
"2025-10-02T23:16:00Z","LOS_ANGELES_RAMS","SAN_FRANCISCO_49ERS","BetRivers","H2H","Los Angeles Rams","HOME","","-182","1.549451","0.64539"
"2025-10-02T23:16:00Z","LOS_ANGELES_RAMS","SAN_FRANCISCO_49ERS","BetRivers","H2H","San Francisco 49ers","AWAY","","138","2.38","0.420168"
"2025-10-05T12:31:00Z","CLEVELAND_BROWNS","MINNESOTA_VIKINGS","DraftKings","H2H","Cleveland Browns","HOME","","200","3","0.333333"
"2025-10-05T12:31:00Z","CLEVELAND_BROWNS","MINNESOTA_VIKINGS","DraftKings","H2H","Minnesota Vikings","AWAY","","-245","1.408163","0.710145"
"2025-10-05T12:31:00Z","CLEVELAND_BROWNS","MINNESOTA_VIKINGS","FanDuel","H2H","Cleveland Browns","HOME","","176","2.76","0.362319"
"2025-10-05T12:31:00Z","CLEVELAND_BROWNS","MINNESOTA_VIKINGS","FanDuel","H2H","Minnesota Vikings","AWAY","","-210","1.47619","0.67742"
"2025-10-05T12:31:00Z","CLEVELAND_BROWNS","MINNESOTA_VIKINGS","MyBookie.ag","H2H","Cleveland Browns","HOME","","196","2.96","0.337838"
"2025-10-05T12:31:00Z","CLEVELAND_BROWNS","MINNESOTA_VIKINGS","MyBookie.ag","H2H","Minnesota Vikings","AWAY","","-260","1.384615","0.722222"
"2025-10-05T12:31:00Z","CLEVELAND_BROWNS","MINNESOTA_VIKINGS","BetRivers","H2H","Cleveland Browns","HOME","","180","2.8","0.357143"
"2025-10-05T12:31:00Z","CLEVELAND_BROWNS","MINNESOTA_VIKINGS","BetRivers","H2H","Minnesota Vikings","AWAY","","-235","1.425532","0.701492"
"2025-10-05T16:01:00Z","CAROLINA_PANTHERS","MIAMI_DOLPHINS","DraftKings","H2H","Carolina Panthers","HOME","","105","2.05","0.487805"
"2025-10-05T16:01:00Z","CAROLINA_PANTHERS","MIAMI_DOLPHINS","DraftKings","H2H","Miami Dolphins","AWAY","","-125","1.8","0.555556"
"2025-10-05T16:01:00Z","CAROLINA_PANTHERS","MIAMI_DOLPHINS","FanDuel","H2H","Carolina Panthers","HOME","","110","2.1","0.47619"
"2025-10-05T16:01:00Z","CAROLINA_PANTHERS","MIAMI_DOLPHINS","FanDuel","H2H","Miami Dolphins","AWAY","","-130","1.769231","0.565217"
"2025-10-05T16:01:00Z","CAROLINA_PANTHERS","MIAMI_DOLPHINS","BetRivers","H2H","Carolina Panthers","HOME","","108","2.08","0.480769"
"2025-10-05T16:01:00Z","CAROLINA_PANTHERS","MIAMI_DOLPHINS","BetRivers","H2H","Miami Dolphins","AWAY","","-137","1.729927","0.578059"
"2025-10-05T16:01:00Z","NEW_YORK_JETS","DALLAS_COWBOYS","DraftKings","H2H","Dallas Cowboys","AWAY","","-125","1.8","0.555556"
"2025-10-05T16:01:00Z","NEW_YORK_JETS","DALLAS_COWBOYS","DraftKings","H2H","New York Jets","HOME","","105","2.05","0.487805"
"2025-10-05T16:01:00Z","NEW_YORK_JETS","DALLAS_COWBOYS","FanDuel","H2H","Dallas Cowboys","AWAY","","-122","1.819672","0.54955"
"2025-10-05T16:01:00Z","NEW_YORK_JETS","DALLAS_COWBOYS","FanDuel","H2H","New York Jets","HOME","","104","2.04","0.490196"
"2025-10-05T16:01:00Z","NEW_YORK_JETS","DALLAS_COWBOYS","BetRivers","H2H","Dallas Cowboys","AWAY","","-122","1.819672","0.54955"
"2025-10-05T16:01:00Z","NEW_YORK_JETS","DALLAS_COWBOYS","BetRivers","H2H","New York Jets","HOME","","-105","1.952381","0.512195"
"2025-10-05T16:01:00Z","PHILADELPHIA_EAGLES","DENVER_BRONCOS","DraftKings","H2H","Denver Broncos","AWAY","","200","3","0.333333"
"2025-10-05T16:01:00Z","PHILADELPHIA_EAGLES","DENVER_BRONCOS","DraftKings","H2H","Philadelphia Eagles","HOME","","-245","1.408163","0.710145"
"2025-10-05T16:01:00Z","PHILADELPHIA_EAGLES","DENVER_BRONCOS","FanDuel","H2H","Denver Broncos","AWAY","","194","2.94","0.340136"
"2025-10-05T16:01:00Z","PHILADELPHIA_EAGLES","DENVER_BRONCOS","FanDuel","H2H","Philadelphia Eagles","HOME","","-235","1.425532","0.701492"
"2025-10-05T16:01:00Z","PHILADELPHIA_EAGLES","DENVER_BRONCOS","BetRivers","H2H","Denver Broncos","AWAY","","188","2.88","0.347222"
"2025-10-05T16:01:00Z","PHILADELPHIA_EAGLES","DENVER_BRONCOS","BetRivers","H2H","Philadelphia Eagles","HOME","","-250","1.4","0.714286"
"2025-10-05T16:01:00Z","INDIANAPOLIS_COLTS","LAS_VEGAS_RAIDERS","FanDuel","H2H","Indianapolis Colts","HOME","","-290","1.344828","0.74359"
"2025-10-05T16:01:00Z","INDIANAPOLIS_COLTS","LAS_VEGAS_RAIDERS","FanDuel","H2H","Las Vegas Raiders","AWAY","","235","3.35","0.298507"
"2025-10-05T16:01:00Z","INDIANAPOLIS_COLTS","LAS_VEGAS_RAIDERS","BetRivers","H2H","Indianapolis Colts","HOME","","-315","1.31746","0.759036"
"2025-10-05T16:01:00Z","INDIANAPOLIS_COLTS","LAS_VEGAS_RAIDERS","BetRivers","H2H","Las Vegas Raiders","AWAY","","235","3.35","0.298507"
"2025-10-05T16:01:00Z","NEW_ORLEANS_SAINTS","NEW_YORK_GIANTS","DraftKings","H2H","New Orleans Saints","HOME","","114","2.14","0.46729"
"2025-10-05T16:01:00Z","NEW_ORLEANS_SAINTS","NEW_YORK_GIANTS","DraftKings","H2H","New York Giants","AWAY","","-135","1.740741","0.574468"
"2025-10-05T16:01:00Z","NEW_ORLEANS_SAINTS","NEW_YORK_GIANTS","FanDuel","H2H","New Orleans Saints","HOME","","114","2.14","0.46729"
"2025-10-05T16:01:00Z","NEW_ORLEANS_SAINTS","NEW_YORK_GIANTS","FanDuel","H2H","New York Giants","AWAY","","-134","1.746269","0.572649"
"2025-10-05T16:01:00Z","NEW_ORLEANS_SAINTS","NEW_YORK_GIANTS","BetRivers","H2H","New Orleans Saints","HOME","","115","2.15","0.465116"
"2025-10-05T16:01:00Z","NEW_ORLEANS_SAINTS","NEW_YORK_GIANTS","BetRivers","H2H","New York Giants","AWAY","","-148","1.675676","0.596774"
"2025-10-05T19:06:00Z","ARIZONA_CARDINALS","TENNESSEE_TITANS","DraftKings","H2H","Arizona Cardinals","HOME","","-470","1.212766","0.824561"
"2025-10-05T19:06:00Z","ARIZONA_CARDINALS","TENNESSEE_TITANS","DraftKings","H2H","Tennessee Titans","AWAY","","360","4.6","0.217391"
"2025-10-05T19:06:00Z","ARIZONA_CARDINALS","TENNESSEE_TITANS","FanDuel","H2H","Arizona Cardinals","HOME","","-520","1.192308","0.838709"
"2025-10-05T19:06:00Z","ARIZONA_CARDINALS","TENNESSEE_TITANS","FanDuel","H2H","Tennessee Titans","AWAY","","400","5","0.2"
"2025-10-05T19:06:00Z","ARIZONA_CARDINALS","TENNESSEE_TITANS","BetRivers","H2H","Arizona Cardinals","HOME","","-560","1.178571","0.848485"
"2025-10-05T19:06:00Z","ARIZONA_CARDINALS","TENNESSEE_TITANS","BetRivers","H2H","Tennessee Titans","AWAY","","375","4.75","0.210526"
"2025-10-05T19:06:00Z","SEATTLE_SEAHAWKS","TAMPA_BAY_BUCCANEERS","DraftKings","H2H","Seattle Seahawks","HOME","","-135","1.740741","0.574468"
"2025-10-05T19:06:00Z","SEATTLE_SEAHAWKS","TAMPA_BAY_BUCCANEERS","DraftKings","H2H","Tampa Bay Buccaneers","AWAY","","114","2.14","0.46729"
"2025-10-05T19:06:00Z","SEATTLE_SEAHAWKS","TAMPA_BAY_BUCCANEERS","FanDuel","H2H","Seattle Seahawks","HOME","","-146","1.684932","0.593496"
"2025-10-05T19:06:00Z","SEATTLE_SEAHAWKS","TAMPA_BAY_BUCCANEERS","FanDuel","H2H","Tampa Bay Buccaneers","AWAY","","124","2.24","0.446429"
"2025-10-05T19:06:00Z","SEATTLE_SEAHAWKS","TAMPA_BAY_BUCCANEERS","BetRivers","H2H","Seattle Seahawks","HOME","","-143","1.699301","0.588477"
"2025-10-05T19:06:00Z","SEATTLE_SEAHAWKS","TAMPA_BAY_BUCCANEERS","BetRivers","H2H","Tampa Bay Buccaneers","AWAY","","112","2.12","0.471698"
"2025-10-05T19:26:00Z","CINCINNATI_BENGALS","DETROIT_LIONS","DraftKings","H2H","Cincinnati Bengals","HOME","","340","4.4","0.227273"
"2025-10-05T19:26:00Z","CINCINNATI_BENGALS","DETROIT_LIONS","DraftKings","H2H","Detroit Lions","AWAY","","-440","1.227273","0.814815"
"2025-10-05T19:26:00Z","CINCINNATI_BENGALS","DETROIT_LIONS","FanDuel","H2H","Cincinnati Bengals","HOME","","340","4.4","0.227273"
"2025-10-05T19:26:00Z","CINCINNATI_BENGALS","DETROIT_LIONS","FanDuel","H2H","Detroit Lions","AWAY","","-430","1.232558","0.811321"
"2025-10-05T19:26:00Z","CINCINNATI_BENGALS","DETROIT_LIONS","BetRivers","H2H","Cincinnati Bengals","HOME","","330","4.3","0.232558"
"2025-10-05T19:26:00Z","CINCINNATI_BENGALS","DETROIT_LIONS","BetRivers","H2H","Detroit Lions","AWAY","","-480","1.208333","0.827586"
"2025-10-05T19:26:00Z","LOS_ANGELES_CHARGERS","WASHINGTON_COMMANDERS","DraftKings","H2H","Los Angeles Chargers","HOME","","-166","1.60241","0.62406"
"2025-10-05T19:26:00Z","LOS_ANGELES_CHARGERS","WASHINGTON_COMMANDERS","DraftKings","H2H","Washington Commanders","AWAY","","140","2.4","0.416667"
"2025-10-05T19:26:00Z","LOS_ANGELES_CHARGERS","WASHINGTON_COMMANDERS","FanDuel","H2H","Los Angeles Chargers","HOME","","-154","1.649351","0.606299"
"2025-10-05T19:26:00Z","LOS_ANGELES_CHARGERS","WASHINGTON_COMMANDERS","FanDuel","H2H","Washington Commanders","AWAY","","130","2.3","0.434783"
"2025-10-05T19:26:00Z","LOS_ANGELES_CHARGERS","WASHINGTON_COMMANDERS","BetRivers","H2H","Los Angeles Chargers","HOME","","-155","1.645161","0.607843"
"2025-10-05T19:26:00Z","LOS_ANGELES_CHARGERS","WASHINGTON_COMMANDERS","BetRivers","H2H","Washington Commanders","AWAY","","120","2.2","0.454545"
"2025-10-05T23:21:00Z","BUFFALO_BILLS","NEW_ENGLAND_PATRIOTS","DraftKings","H2H","Buffalo Bills","HOME","","-485","1.206186","0.82906"
"2025-10-05T23:21:00Z","BUFFALO_BILLS","NEW_ENGLAND_PATRIOTS","DraftKings","H2H","New England Patriots","AWAY","","370","4.7","0.212766"
"2025-10-05T23:21:00Z","BUFFALO_BILLS","NEW_ENGLAND_PATRIOTS","FanDuel","H2H","Buffalo Bills","HOME","","-620","1.16129","0.861111"
"2025-10-05T23:21:00Z","BUFFALO_BILLS","NEW_ENGLAND_PATRIOTS","FanDuel","H2H","New England Patriots","AWAY","","460","5.6","0.178571"
"2025-10-05T23:21:00Z","BUFFALO_BILLS","NEW_ENGLAND_PATRIOTS","BetRivers","H2H","Buffalo Bills","HOME","","-625","1.16","0.862069"
"2025-10-05T23:21:00Z","BUFFALO_BILLS","NEW_ENGLAND_PATRIOTS","BetRivers","H2H","New England Patriots","AWAY","","420","5.2","0.192308"
"2025-10-06T23:16:00Z","JACKSONVILLE_JAGUARS","KANSAS_CITY_CHIEFS","FanDuel","H2H","Jacksonville Jaguars","HOME","","130","2.3","0.434783"
"2025-10-06T23:16:00Z","JACKSONVILLE_JAGUARS","KANSAS_CITY_CHIEFS","FanDuel","H2H","Kansas City Chiefs","AWAY","","-154","1.649351","0.606299"
"2025-10-06T23:16:00Z","JACKSONVILLE_JAGUARS","KANSAS_CITY_CHIEFS","BetRivers","H2H","Jacksonville Jaguars","HOME","","128","2.28","0.438596"
"2025-10-06T23:16:00Z","JACKSONVILLE_JAGUARS","KANSAS_CITY_CHIEFS","BetRivers","H2H","Kansas City Chiefs","AWAY","","-162","1.617284","0.618321"
"2025-09-28T20:06:00Z","LOS_ANGELES_RAMS","INDIANAPOLIS_COLTS","DraftKings","SPREADS","Indianapolis Colts","AWAY","6.5","340","4.4","0.227273"
"2025-09-28T20:06:00Z","LOS_ANGELES_RAMS","INDIANAPOLIS_COLTS","DraftKings","SPREADS","Los Angeles Rams","HOME","-6.5","-500","1.2","0.833333"
"2025-09-28T20:06:00Z","LOS_ANGELES_RAMS","INDIANAPOLIS_COLTS","MyBookie.ag","SPREADS","Indianapolis Colts","AWAY","0.5","-167","1.598802","0.625468"
"2025-09-28T20:06:00Z","LOS_ANGELES_RAMS","INDIANAPOLIS_COLTS","MyBookie.ag","SPREADS","Los Angeles Rams","HOME","-0.5","120","2.2","0.454545"
"2025-09-28T20:06:00Z","LOS_ANGELES_RAMS","INDIANAPOLIS_COLTS","BetRivers","SPREADS","Indianapolis Colts","AWAY","6.5","250","3.5","0.285714"
"2025-09-28T20:06:00Z","LOS_ANGELES_RAMS","INDIANAPOLIS_COLTS","BetRivers","SPREADS","Los Angeles Rams","HOME","-6.5","-400","1.25","0.8"
"2025-09-28T20:06:00Z","LOS_ANGELES_RAMS","INDIANAPOLIS_COLTS","BetMGM","SPREADS","Indianapolis Colts","AWAY","6.5","250","3.5","0.285714"
"2025-09-28T20:06:00Z","LOS_ANGELES_RAMS","INDIANAPOLIS_COLTS","BetMGM","SPREADS","Los Angeles Rams","HOME","-6.5","-350","1.285714","0.777778"
"2025-09-28T20:08:00Z","SAN_FRANCISCO_49ERS","JACKSONVILLE_JAGUARS","DraftKings","SPREADS","Jacksonville Jaguars","AWAY","-5.5","170","2.7","0.37037"
"2025-09-28T20:08:00Z","SAN_FRANCISCO_49ERS","JACKSONVILLE_JAGUARS","DraftKings","SPREADS","San Francisco 49ers","HOME","5.5","-220","1.454545","0.6875"
"2025-09-28T20:08:00Z","SAN_FRANCISCO_49ERS","JACKSONVILLE_JAGUARS","FanDuel","SPREADS","Jacksonville Jaguars","AWAY","-5.5","154","2.54","0.393701"
"2025-09-28T20:08:00Z","SAN_FRANCISCO_49ERS","JACKSONVILLE_JAGUARS","FanDuel","SPREADS","San Francisco 49ers","HOME","5.5","-210","1.47619","0.67742"
"2025-09-28T20:08:00Z","SAN_FRANCISCO_49ERS","JACKSONVILLE_JAGUARS","MyBookie.ag","SPREADS","Jacksonville Jaguars","AWAY","-4.5","-182","1.549451","0.64539"
"2025-09-28T20:08:00Z","SAN_FRANCISCO_49ERS","JACKSONVILLE_JAGUARS","MyBookie.ag","SPREADS","San Francisco 49ers","HOME","4.5","135","2.35","0.425532"
"2025-09-28T20:08:00Z","SAN_FRANCISCO_49ERS","JACKSONVILLE_JAGUARS","BetRivers","SPREADS","Jacksonville Jaguars","AWAY","-5.5","138","2.38","0.420168"
"2025-09-28T20:08:00Z","SAN_FRANCISCO_49ERS","JACKSONVILLE_JAGUARS","BetRivers","SPREADS","San Francisco 49ers","HOME","5.5","-200","1.5","0.666667"
"2025-09-28T20:08:00Z","SAN_FRANCISCO_49ERS","JACKSONVILLE_JAGUARS","Bovada","SPREADS","Jacksonville Jaguars","AWAY","-5","110","2.1","0.47619"
"2025-09-28T20:08:00Z","SAN_FRANCISCO_49ERS","JACKSONVILLE_JAGUARS","Bovada","SPREADS","San Francisco 49ers","HOME","5","-145","1.689655","0.591837"
"2025-09-28T20:08:00Z","SAN_FRANCISCO_49ERS","JACKSONVILLE_JAGUARS","BetMGM","SPREADS","Jacksonville Jaguars","AWAY","-4.5","-140","1.714286","0.583333"
"2025-09-28T20:08:00Z","SAN_FRANCISCO_49ERS","JACKSONVILLE_JAGUARS","BetMGM","SPREADS","San Francisco 49ers","HOME","4.5","105","2.05","0.487805"
"2025-09-28T20:26:00Z","LAS_VEGAS_RAIDERS","CHICAGO_BEARS","DraftKings","SPREADS","Chicago Bears","AWAY","5.5","-140","1.714286","0.583333"
"2025-09-28T20:26:00Z","LAS_VEGAS_RAIDERS","CHICAGO_BEARS","DraftKings","SPREADS","Las Vegas Raiders","HOME","-5.5","110","2.1","0.47619"
"2025-09-28T20:26:00Z","LAS_VEGAS_RAIDERS","CHICAGO_BEARS","FanDuel","SPREADS","Chicago Bears","AWAY","5.5","-158","1.632911","0.612403"
"2025-09-28T20:26:00Z","LAS_VEGAS_RAIDERS","CHICAGO_BEARS","FanDuel","SPREADS","Las Vegas Raiders","HOME","-5.5","118","2.18","0.458716"
"2025-09-28T20:26:00Z","LAS_VEGAS_RAIDERS","CHICAGO_BEARS","MyBookie.ag","SPREADS","Chicago Bears","AWAY","1.5","-118","1.847458","0.541284"
"2025-09-28T20:26:00Z","LAS_VEGAS_RAIDERS","CHICAGO_BEARS","MyBookie.ag","SPREADS","Las Vegas Raiders","HOME","-1.5","-111","1.900901","0.526066"
"2025-09-28T20:26:00Z","LAS_VEGAS_RAIDERS","CHICAGO_BEARS","BetRivers","SPREADS","Chicago Bears","AWAY","5","-143","1.699301","0.588477"
"2025-09-28T20:26:00Z","LAS_VEGAS_RAIDERS","CHICAGO_BEARS","BetRivers","SPREADS","Las Vegas Raiders","HOME","-5","102","2.02","0.49505"
"2025-09-28T20:26:00Z","LAS_VEGAS_RAIDERS","CHICAGO_BEARS","Bovada","SPREADS","Chicago Bears","AWAY","5","100","2","0.5"
"2025-09-28T20:26:00Z","LAS_VEGAS_RAIDERS","CHICAGO_BEARS","Bovada","SPREADS","Las Vegas Raiders","HOME","-5","-130","1.769231","0.565217"
"2025-09-28T20:26:00Z","LAS_VEGAS_RAIDERS","CHICAGO_BEARS","BetMGM","SPREADS","Chicago Bears","AWAY","4.5","100","2","0.5"
"2025-09-28T20:26:00Z","LAS_VEGAS_RAIDERS","CHICAGO_BEARS","BetMGM","SPREADS","Las Vegas Raiders","HOME","-4.5","-130","1.769231","0.565217"
"2025-09-28T20:26:01Z","KANSAS_CITY_CHIEFS","BALTIMORE_RAVENS","DraftKings","SPREADS","Baltimore Ravens","AWAY","21.5","-115","1.869565","0.534884"
"2025-09-28T20:26:01Z","KANSAS_CITY_CHIEFS","BALTIMORE_RAVENS","DraftKings","SPREADS","Kansas City Chiefs","HOME","-21.5","-115","1.869565","0.534884"
"2025-09-28T20:26:01Z","KANSAS_CITY_CHIEFS","BALTIMORE_RAVENS","BetMGM","SPREADS","Baltimore Ravens","AWAY","21.5","-118","1.847458","0.541284"
"2025-09-28T20:26:01Z","KANSAS_CITY_CHIEFS","BALTIMORE_RAVENS","BetMGM","SPREADS","Kansas City Chiefs","HOME","-21.5","-110","1.909091","0.523809"
"2025-09-28T20:26:01Z","KANSAS_CITY_CHIEFS","BALTIMORE_RAVENS","FanDuel","SPREADS","Baltimore Ravens","AWAY","21.5","-114","1.877193","0.53271"
"2025-09-28T20:26:01Z","KANSAS_CITY_CHIEFS","BALTIMORE_RAVENS","FanDuel","SPREADS","Kansas City Chiefs","HOME","-21.5","-118","1.847458","0.541284"
"2025-09-28T20:26:01Z","KANSAS_CITY_CHIEFS","BALTIMORE_RAVENS","MyBookie.ag","SPREADS","Baltimore Ravens","AWAY","23.5","-111","1.900901","0.526066"
"2025-09-28T20:26:01Z","KANSAS_CITY_CHIEFS","BALTIMORE_RAVENS","MyBookie.ag","SPREADS","Kansas City Chiefs","HOME","-23.5","-118","1.847458","0.541284"
"2025-09-28T20:26:01Z","KANSAS_CITY_CHIEFS","BALTIMORE_RAVENS","BetRivers","SPREADS","Baltimore Ravens","AWAY","23.5","-117","1.854701","0.53917"
"2025-09-28T20:26:01Z","KANSAS_CITY_CHIEFS","BALTIMORE_RAVENS","BetRivers","SPREADS","Kansas City Chiefs","HOME","-23.5","-121","1.826446","0.547511"
"2025-09-28T20:26:01Z","KANSAS_CITY_CHIEFS","BALTIMORE_RAVENS","Bovada","SPREADS","Baltimore Ravens","AWAY","23","-150","1.666667","0.6"
"2025-09-28T20:26:01Z","KANSAS_CITY_CHIEFS","BALTIMORE_RAVENS","Bovada","SPREADS","Kansas City Chiefs","HOME","-23","115","2.15","0.465116"
"2025-09-29T00:21:00Z","DALLAS_COWBOYS","GREEN_BAY_PACKERS","DraftKings","SPREADS","Dallas Cowboys","HOME","7","-118","1.847458","0.541284"
"2025-09-29T00:21:00Z","DALLAS_COWBOYS","GREEN_BAY_PACKERS","DraftKings","SPREADS","Green Bay Packers","AWAY","-7","-102","1.980392","0.504951"
"2025-09-29T00:21:00Z","DALLAS_COWBOYS","GREEN_BAY_PACKERS","BetUS","SPREADS","Dallas Cowboys","HOME","6.5","-110","1.909091","0.523809"
"2025-09-29T00:21:00Z","DALLAS_COWBOYS","GREEN_BAY_PACKERS","BetUS","SPREADS","Green Bay Packers","AWAY","-6.5","-110","1.909091","0.523809"
"2025-09-29T00:21:00Z","DALLAS_COWBOYS","GREEN_BAY_PACKERS","BetMGM","SPREADS","Dallas Cowboys","HOME","6.5","100","2","0.5"
"2025-09-29T00:21:00Z","DALLAS_COWBOYS","GREEN_BAY_PACKERS","BetMGM","SPREADS","Green Bay Packers","AWAY","-6.5","-120","1.833333","0.545455"
"2025-09-29T00:21:00Z","DALLAS_COWBOYS","GREEN_BAY_PACKERS","FanDuel","SPREADS","Dallas Cowboys","HOME","6.5","-110","1.909091","0.523809"
"2025-09-29T00:21:00Z","DALLAS_COWBOYS","GREEN_BAY_PACKERS","FanDuel","SPREADS","Green Bay Packers","AWAY","-6.5","-110","1.909091","0.523809"
"2025-09-29T00:21:00Z","DALLAS_COWBOYS","GREEN_BAY_PACKERS","MyBookie.ag","SPREADS","Dallas Cowboys","HOME","7","-120","1.833333","0.545455"
"2025-09-29T00:21:00Z","DALLAS_COWBOYS","GREEN_BAY_PACKERS","MyBookie.ag","SPREADS","Green Bay Packers","AWAY","-7","100","2","0.5"
"2025-09-29T00:21:00Z","DALLAS_COWBOYS","GREEN_BAY_PACKERS","BetOnline.ag","SPREADS","Dallas Cowboys","HOME","6.5","-105","1.952381","0.512195"
"2025-09-29T00:21:00Z","DALLAS_COWBOYS","GREEN_BAY_PACKERS","BetOnline.ag","SPREADS","Green Bay Packers","AWAY","-6.5","-115","1.869565","0.534884"
"2025-09-29T00:21:00Z","DALLAS_COWBOYS","GREEN_BAY_PACKERS","LowVig.ag","SPREADS","Dallas Cowboys","HOME","6.5","-104","1.961538","0.509804"
"2025-09-29T00:21:00Z","DALLAS_COWBOYS","GREEN_BAY_PACKERS","LowVig.ag","SPREADS","Green Bay Packers","AWAY","-6.5","-106","1.943396","0.514563"
"2025-09-29T00:21:00Z","DALLAS_COWBOYS","GREEN_BAY_PACKERS","BetRivers","SPREADS","Dallas Cowboys","HOME","6.5","-112","1.892857","0.528302"
"2025-09-29T00:21:00Z","DALLAS_COWBOYS","GREEN_BAY_PACKERS","BetRivers","SPREADS","Green Bay Packers","AWAY","-6.5","-113","1.884956","0.530516"
"2025-09-29T00:21:00Z","DALLAS_COWBOYS","GREEN_BAY_PACKERS","Bovada","SPREADS","Dallas Cowboys","HOME","6.5","100","2","0.5"
"2025-09-29T00:21:00Z","DALLAS_COWBOYS","GREEN_BAY_PACKERS","Bovada","SPREADS","Green Bay Packers","AWAY","-6.5","-120","1.833333","0.545455"
"2025-09-29T23:16:00Z","MIAMI_DOLPHINS","NEW_YORK_JETS","DraftKings","SPREADS","Miami Dolphins","HOME","-2.5","-118","1.847458","0.541284"
"2025-09-29T23:16:00Z","MIAMI_DOLPHINS","NEW_YORK_JETS","DraftKings","SPREADS","New York Jets","AWAY","2.5","-102","1.980392","0.504951"
"2025-09-29T23:16:00Z","MIAMI_DOLPHINS","NEW_YORK_JETS","BetMGM","SPREADS","Miami Dolphins","HOME","-2.5","-120","1.833333","0.545455"
"2025-09-29T23:16:00Z","MIAMI_DOLPHINS","NEW_YORK_JETS","BetMGM","SPREADS","New York Jets","AWAY","2.5","100","2","0.5"
"2025-09-29T23:16:00Z","MIAMI_DOLPHINS","NEW_YORK_JETS","FanDuel","SPREADS","Miami Dolphins","HOME","-2.5","-120","1.833333","0.545455"
"2025-09-29T23:16:00Z","MIAMI_DOLPHINS","NEW_YORK_JETS","FanDuel","SPREADS","New York Jets","AWAY","2.5","-102","1.980392","0.504951"
"2025-09-29T23:16:00Z","MIAMI_DOLPHINS","NEW_YORK_JETS","MyBookie.ag","SPREADS","Miami Dolphins","HOME","-3","100","2","0.5"
"2025-09-29T23:16:00Z","MIAMI_DOLPHINS","NEW_YORK_JETS","MyBookie.ag","SPREADS","New York Jets","AWAY","3","-120","1.833333","0.545455"
"2025-09-29T23:16:00Z","MIAMI_DOLPHINS","NEW_YORK_JETS","LowVig.ag","SPREADS","Miami Dolphins","HOME","-2.5","-115","1.869565","0.534884"
"2025-09-29T23:16:00Z","MIAMI_DOLPHINS","NEW_YORK_JETS","LowVig.ag","SPREADS","New York Jets","AWAY","2.5","104","2.04","0.490196"
"2025-09-29T23:16:00Z","MIAMI_DOLPHINS","NEW_YORK_JETS","BetOnline.ag","SPREADS","Miami Dolphins","HOME","-2.5","-118","1.847458","0.541284"
"2025-09-29T23:16:00Z","MIAMI_DOLPHINS","NEW_YORK_JETS","BetOnline.ag","SPREADS","New York Jets","AWAY","2.5","-102","1.980392","0.504951"
"2025-09-29T23:16:00Z","MIAMI_DOLPHINS","NEW_YORK_JETS","BetUS","SPREADS","Miami Dolphins","HOME","-2.5","-118","1.847458","0.541284"
"2025-09-29T23:16:00Z","MIAMI_DOLPHINS","NEW_YORK_JETS","BetUS","SPREADS","New York Jets","AWAY","2.5","-102","1.980392","0.504951"
"2025-09-29T23:16:00Z","MIAMI_DOLPHINS","NEW_YORK_JETS","BetRivers","SPREADS","Miami Dolphins","HOME","-3","-107","1.934579","0.516908"
"2025-09-29T23:16:00Z","MIAMI_DOLPHINS","NEW_YORK_JETS","BetRivers","SPREADS","New York Jets","AWAY","3","-120","1.833333","0.545455"
"2025-09-29T23:16:00Z","MIAMI_DOLPHINS","NEW_YORK_JETS","Bovada","SPREADS","Miami Dolphins","HOME","-2.5","-120","1.833333","0.545455"
"2025-09-29T23:16:00Z","MIAMI_DOLPHINS","NEW_YORK_JETS","Bovada","SPREADS","New York Jets","AWAY","2.5","100","2","0.5"
"2025-09-30T00:16:00Z","DENVER_BRONCOS","CINCINNATI_BENGALS","DraftKings","SPREADS","Cincinnati Bengals","AWAY","7.5","-110","1.909091","0.523809"
"2025-09-30T00:16:00Z","DENVER_BRONCOS","CINCINNATI_BENGALS","DraftKings","SPREADS","Denver Broncos","HOME","-7.5","-110","1.909091","0.523809"
"2025-09-30T00:16:00Z","DENVER_BRONCOS","CINCINNATI_BENGALS","BetUS","SPREADS","Cincinnati Bengals","AWAY","7.5","-110","1.909091","0.523809"
"2025-09-30T00:16:00Z","DENVER_BRONCOS","CINCINNATI_BENGALS","BetUS","SPREADS","Denver Broncos","HOME","-7.5","-110","1.909091","0.523809"
"2025-09-30T00:16:00Z","DENVER_BRONCOS","CINCINNATI_BENGALS","FanDuel","SPREADS","Cincinnati Bengals","AWAY","7.5","-108","1.925926","0.519231"
"2025-09-30T00:16:00Z","DENVER_BRONCOS","CINCINNATI_BENGALS","FanDuel","SPREADS","Denver Broncos","HOME","-7.5","-112","1.892857","0.528302"
"2025-09-30T00:16:00Z","DENVER_BRONCOS","CINCINNATI_BENGALS","MyBookie.ag","SPREADS","Cincinnati Bengals","AWAY","7.5","-115","1.869565","0.534884"
"2025-09-30T00:16:00Z","DENVER_BRONCOS","CINCINNATI_BENGALS","MyBookie.ag","SPREADS","Denver Broncos","HOME","-7.5","-105","1.952381","0.512195"
"2025-09-30T00:16:00Z","DENVER_BRONCOS","CINCINNATI_BENGALS","LowVig.ag","SPREADS","Cincinnati Bengals","AWAY","7.5","-101","1.990099","0.502488"
"2025-09-30T00:16:00Z","DENVER_BRONCOS","CINCINNATI_BENGALS","LowVig.ag","SPREADS","Denver Broncos","HOME","-7.5","-109","1.917431","0.521531"
"2025-09-30T00:16:00Z","DENVER_BRONCOS","CINCINNATI_BENGALS","BetOnline.ag","SPREADS","Cincinnati Bengals","AWAY","7.5","-110","1.909091","0.523809"
"2025-09-30T00:16:00Z","DENVER_BRONCOS","CINCINNATI_BENGALS","BetOnline.ag","SPREADS","Denver Broncos","HOME","-7.5","-110","1.909091","0.523809"
"2025-09-30T00:16:00Z","DENVER_BRONCOS","CINCINNATI_BENGALS","BetRivers","SPREADS","Cincinnati Bengals","AWAY","7.5","-113","1.884956","0.530516"
"2025-09-30T00:16:00Z","DENVER_BRONCOS","CINCINNATI_BENGALS","BetRivers","SPREADS","Denver Broncos","HOME","-7.5","-113","1.884956","0.530516"
"2025-09-30T00:16:00Z","DENVER_BRONCOS","CINCINNATI_BENGALS","Bovada","SPREADS","Cincinnati Bengals","AWAY","8","-110","1.909091","0.523809"
"2025-09-30T00:16:00Z","DENVER_BRONCOS","CINCINNATI_BENGALS","Bovada","SPREADS","Denver Broncos","HOME","-8","-110","1.909091","0.523809"
"2025-09-30T00:16:00Z","DENVER_BRONCOS","CINCINNATI_BENGALS","BetMGM","SPREADS","Cincinnati Bengals","AWAY","7.5","-110","1.909091","0.523809"
"2025-09-30T00:16:00Z","DENVER_BRONCOS","CINCINNATI_BENGALS","BetMGM","SPREADS","Denver Broncos","HOME","-7.5","-110","1.909091","0.523809"
"2025-10-02T23:16:00Z","LOS_ANGELES_RAMS","SAN_FRANCISCO_49ERS","FanDuel","SPREADS","Los Angeles Rams","HOME","-3.5","-104","1.961538","0.509804"
"2025-10-02T23:16:00Z","LOS_ANGELES_RAMS","SAN_FRANCISCO_49ERS","FanDuel","SPREADS","San Francisco 49ers","AWAY","3.5","-118","1.847458","0.541284"
"2025-10-02T23:16:00Z","LOS_ANGELES_RAMS","SAN_FRANCISCO_49ERS","LowVig.ag","SPREADS","Los Angeles Rams","HOME","-3.5","100","2","0.5"
"2025-10-02T23:16:00Z","LOS_ANGELES_RAMS","SAN_FRANCISCO_49ERS","LowVig.ag","SPREADS","San Francisco 49ers","AWAY","3.5","-110","1.909091","0.523809"
"2025-10-02T23:16:00Z","LOS_ANGELES_RAMS","SAN_FRANCISCO_49ERS","BetOnline.ag","SPREADS","Los Angeles Rams","HOME","-3.5","-105","1.952381","0.512195"
"2025-10-02T23:16:00Z","LOS_ANGELES_RAMS","SAN_FRANCISCO_49ERS","BetOnline.ag","SPREADS","San Francisco 49ers","AWAY","3.5","-115","1.869565","0.534884"
"2025-10-02T23:16:00Z","LOS_ANGELES_RAMS","SAN_FRANCISCO_49ERS","BetRivers","SPREADS","Los Angeles Rams","HOME","-3.5","-108","1.925926","0.519231"
"2025-10-02T23:16:00Z","LOS_ANGELES_RAMS","SAN_FRANCISCO_49ERS","BetRivers","SPREADS","San Francisco 49ers","AWAY","3.5","-118","1.847458","0.541284"
"2025-10-05T12:31:00Z","CLEVELAND_BROWNS","MINNESOTA_VIKINGS","DraftKings","SPREADS","Cleveland Browns","HOME","5.5","-110","1.909091","0.523809"
"2025-10-05T12:31:00Z","CLEVELAND_BROWNS","MINNESOTA_VIKINGS","DraftKings","SPREADS","Minnesota Vikings","AWAY","-5.5","-110","1.909091","0.523809"
"2025-10-05T12:31:00Z","CLEVELAND_BROWNS","MINNESOTA_VIKINGS","FanDuel","SPREADS","Cleveland Browns","HOME","4.5","-110","1.909091","0.523809"
"2025-10-05T12:31:00Z","CLEVELAND_BROWNS","MINNESOTA_VIKINGS","FanDuel","SPREADS","Minnesota Vikings","AWAY","-4.5","-110","1.909091","0.523809"
"2025-10-05T12:31:00Z","CLEVELAND_BROWNS","MINNESOTA_VIKINGS","BetOnline.ag","SPREADS","Cleveland Browns","HOME","4","-115","1.869565","0.534884"
"2025-10-05T12:31:00Z","CLEVELAND_BROWNS","MINNESOTA_VIKINGS","BetOnline.ag","SPREADS","Minnesota Vikings","AWAY","-4","-105","1.952381","0.512195"
"2025-10-05T12:31:00Z","CLEVELAND_BROWNS","MINNESOTA_VIKINGS","LowVig.ag","SPREADS","Cleveland Browns","HOME","4","-110","1.909091","0.523809"
"2025-10-05T12:31:00Z","CLEVELAND_BROWNS","MINNESOTA_VIKINGS","LowVig.ag","SPREADS","Minnesota Vikings","AWAY","-4","100","2","0.5"
"2025-10-05T12:31:00Z","CLEVELAND_BROWNS","MINNESOTA_VIKINGS","BetRivers","SPREADS","Cleveland Browns","HOME","4.5","-112","1.892857","0.528302"
"2025-10-05T12:31:00Z","CLEVELAND_BROWNS","MINNESOTA_VIKINGS","BetRivers","SPREADS","Minnesota Vikings","AWAY","-4.5","-114","1.877193","0.53271"
"2025-10-05T16:01:00Z","CAROLINA_PANTHERS","MIAMI_DOLPHINS","DraftKings","SPREADS","Carolina Panthers","HOME","1.5","-110","1.909091","0.523809"
"2025-10-05T16:01:00Z","CAROLINA_PANTHERS","MIAMI_DOLPHINS","DraftKings","SPREADS","Miami Dolphins","AWAY","-1.5","-110","1.909091","0.523809"
"2025-10-05T16:01:00Z","CAROLINA_PANTHERS","MIAMI_DOLPHINS","FanDuel","SPREADS","Carolina Panthers","HOME","1.5","-105","1.952381","0.512195"
"2025-10-05T16:01:00Z","CAROLINA_PANTHERS","MIAMI_DOLPHINS","FanDuel","SPREADS","Miami Dolphins","AWAY","-1.5","-115","1.869565","0.534884"
"2025-10-05T16:01:00Z","CAROLINA_PANTHERS","MIAMI_DOLPHINS","BetRivers","SPREADS","Carolina Panthers","HOME","2.5","-113","1.884956","0.530516"
"2025-10-05T16:01:00Z","CAROLINA_PANTHERS","MIAMI_DOLPHINS","BetRivers","SPREADS","Miami Dolphins","AWAY","-2.5","-113","1.884956","0.530516"
"2025-10-05T16:01:00Z","NEW_YORK_JETS","DALLAS_COWBOYS","DraftKings","SPREADS","Dallas Cowboys","AWAY","-1.5","-110","1.909091","0.523809"
"2025-10-05T16:01:00Z","NEW_YORK_JETS","DALLAS_COWBOYS","DraftKings","SPREADS","New York Jets","HOME","1.5","-110","1.909091","0.523809"
"2025-10-05T16:01:00Z","NEW_YORK_JETS","DALLAS_COWBOYS","FanDuel","SPREADS","Dallas Cowboys","AWAY","-1.5","-110","1.909091","0.523809"
"2025-10-05T16:01:00Z","NEW_YORK_JETS","DALLAS_COWBOYS","FanDuel","SPREADS","New York Jets","HOME","1.5","-110","1.909091","0.523809"
"2025-10-05T16:01:00Z","NEW_YORK_JETS","DALLAS_COWBOYS","BetRivers","SPREADS","Dallas Cowboys","AWAY","-1.5","-112","1.892857","0.528302"
"2025-10-05T16:01:00Z","NEW_YORK_JETS","DALLAS_COWBOYS","BetRivers","SPREADS","New York Jets","HOME","1.5","-114","1.877193","0.53271"
"2025-10-05T16:01:00Z","PHILADELPHIA_EAGLES","DENVER_BRONCOS","DraftKings","SPREADS","Denver Broncos","AWAY","5.5","-110","1.909091","0.523809"
"2025-10-05T16:01:00Z","PHILADELPHIA_EAGLES","DENVER_BRONCOS","DraftKings","SPREADS","Philadelphia Eagles","HOME","-5.5","-110","1.909091","0.523809"
"2025-10-05T16:01:00Z","PHILADELPHIA_EAGLES","DENVER_BRONCOS","FanDuel","SPREADS","Denver Broncos","AWAY","4.5","-104","1.961538","0.509804"
"2025-10-05T16:01:00Z","PHILADELPHIA_EAGLES","DENVER_BRONCOS","FanDuel","SPREADS","Philadelphia Eagles","HOME","-4.5","-118","1.847458","0.541284"
"2025-10-05T16:01:00Z","PHILADELPHIA_EAGLES","DENVER_BRONCOS","BetRivers","SPREADS","Denver Broncos","AWAY","5","-113","1.884956","0.530516"
"2025-10-05T16:01:00Z","PHILADELPHIA_EAGLES","DENVER_BRONCOS","BetRivers","SPREADS","Philadelphia Eagles","HOME","-5","-113","1.884956","0.530516"
"2025-10-05T16:01:00Z","INDIANAPOLIS_COLTS","LAS_VEGAS_RAIDERS","FanDuel","SPREADS","Indianapolis Colts","HOME","-6.5","-105","1.952381","0.512195"
"2025-10-05T16:01:00Z","INDIANAPOLIS_COLTS","LAS_VEGAS_RAIDERS","FanDuel","SPREADS","Las Vegas Raiders","AWAY","6.5","-115","1.869565","0.534884"
"2025-10-05T16:01:00Z","INDIANAPOLIS_COLTS","LAS_VEGAS_RAIDERS","BetRivers","SPREADS","Indianapolis Colts","HOME","-6.5","-113","1.884956","0.530516"
"2025-10-05T16:01:00Z","INDIANAPOLIS_COLTS","LAS_VEGAS_RAIDERS","BetRivers","SPREADS","Las Vegas Raiders","AWAY","6.5","-112","1.892857","0.528302"
"2025-10-05T16:01:00Z","NEW_ORLEANS_SAINTS","NEW_YORK_GIANTS","DraftKings","SPREADS","New Orleans Saints","HOME","2.5","-110","1.909091","0.523809"
"2025-10-05T16:01:00Z","NEW_ORLEANS_SAINTS","NEW_YORK_GIANTS","DraftKings","SPREADS","New York Giants","AWAY","-2.5","-110","1.909091","0.523809"
"2025-10-05T16:01:00Z","NEW_ORLEANS_SAINTS","NEW_YORK_GIANTS","FanDuel","SPREADS","New Orleans Saints","HOME","1.5","-105","1.952381","0.512195"
"2025-10-05T16:01:00Z","NEW_ORLEANS_SAINTS","NEW_YORK_GIANTS","FanDuel","SPREADS","New York Giants","AWAY","-1.5","-115","1.869565","0.534884"
"2025-10-05T16:01:00Z","NEW_ORLEANS_SAINTS","NEW_YORK_GIANTS","BetRivers","SPREADS","New Orleans Saints","HOME","2.5","-113","1.884956","0.530516"
"2025-10-05T16:01:00Z","NEW_ORLEANS_SAINTS","NEW_YORK_GIANTS","BetRivers","SPREADS","New York Giants","AWAY","-2.5","-113","1.884956","0.530516"
"2025-10-05T19:06:00Z","ARIZONA_CARDINALS","TENNESSEE_TITANS","DraftKings","SPREADS","Arizona Cardinals","HOME","-8.5","-110","1.909091","0.523809"
"2025-10-05T19:06:00Z","ARIZONA_CARDINALS","TENNESSEE_TITANS","DraftKings","SPREADS","Tennessee Titans","AWAY","8.5","-110","1.909091","0.523809"
"2025-10-05T19:06:00Z","ARIZONA_CARDINALS","TENNESSEE_TITANS","FanDuel","SPREADS","Arizona Cardinals","HOME","-9.5","-115","1.869565","0.534884"
"2025-10-05T19:06:00Z","ARIZONA_CARDINALS","TENNESSEE_TITANS","FanDuel","SPREADS","Tennessee Titans","AWAY","9.5","-105","1.952381","0.512195"
"2025-10-05T19:06:00Z","ARIZONA_CARDINALS","TENNESSEE_TITANS","BetOnline.ag","SPREADS","Arizona Cardinals","HOME","-9","-110","1.909091","0.523809"
"2025-10-05T19:06:00Z","ARIZONA_CARDINALS","TENNESSEE_TITANS","BetOnline.ag","SPREADS","Tennessee Titans","AWAY","9","-110","1.909091","0.523809"
"2025-10-05T19:06:00Z","ARIZONA_CARDINALS","TENNESSEE_TITANS","LowVig.ag","SPREADS","Arizona Cardinals","HOME","-9","-105","1.952381","0.512195"
"2025-10-05T19:06:00Z","ARIZONA_CARDINALS","TENNESSEE_TITANS","LowVig.ag","SPREADS","Tennessee Titans","AWAY","9","-105","1.952381","0.512195"
"2025-10-05T19:06:00Z","ARIZONA_CARDINALS","TENNESSEE_TITANS","BetRivers","SPREADS","Arizona Cardinals","HOME","-9.5","-113","1.884956","0.530516"
"2025-10-05T19:06:00Z","ARIZONA_CARDINALS","TENNESSEE_TITANS","BetRivers","SPREADS","Tennessee Titans","AWAY","9.5","-112","1.892857","0.528302"
"2025-10-05T19:06:00Z","SEATTLE_SEAHAWKS","TAMPA_BAY_BUCCANEERS","DraftKings","SPREADS","Seattle Seahawks","HOME","-2.5","-110","1.909091","0.523809"
"2025-10-05T19:06:00Z","SEATTLE_SEAHAWKS","TAMPA_BAY_BUCCANEERS","DraftKings","SPREADS","Tampa Bay Buccaneers","AWAY","2.5","-110","1.909091","0.523809"
"2025-10-05T19:06:00Z","SEATTLE_SEAHAWKS","TAMPA_BAY_BUCCANEERS","FanDuel","SPREADS","Seattle Seahawks","HOME","-2.5","-120","1.833333","0.545455"
"2025-10-05T19:06:00Z","SEATTLE_SEAHAWKS","TAMPA_BAY_BUCCANEERS","FanDuel","SPREADS","Tampa Bay Buccaneers","AWAY","2.5","-102","1.980392","0.504951"
"2025-10-05T19:06:00Z","SEATTLE_SEAHAWKS","TAMPA_BAY_BUCCANEERS","LowVig.ag","SPREADS","Seattle Seahawks","HOME","-3","105","2.05","0.487805"
"2025-10-05T19:06:00Z","SEATTLE_SEAHAWKS","TAMPA_BAY_BUCCANEERS","LowVig.ag","SPREADS","Tampa Bay Buccaneers","AWAY","3","-116","1.862069","0.537037"
"2025-10-05T19:06:00Z","SEATTLE_SEAHAWKS","TAMPA_BAY_BUCCANEERS","BetOnline.ag","SPREADS","Seattle Seahawks","HOME","-3","100","2","0.5"
"2025-10-05T19:06:00Z","SEATTLE_SEAHAWKS","TAMPA_BAY_BUCCANEERS","BetOnline.ag","SPREADS","Tampa Bay Buccaneers","AWAY","3","-120","1.833333","0.545455"
"2025-10-05T19:06:00Z","SEATTLE_SEAHAWKS","TAMPA_BAY_BUCCANEERS","BetRivers","SPREADS","Seattle Seahawks","HOME","-2.5","-117","1.854701","0.53917"
"2025-10-05T19:06:00Z","SEATTLE_SEAHAWKS","TAMPA_BAY_BUCCANEERS","BetRivers","SPREADS","Tampa Bay Buccaneers","AWAY","2.5","-108","1.925926","0.519231"
"2025-10-05T19:26:00Z","CINCINNATI_BENGALS","DETROIT_LIONS","DraftKings","SPREADS","Cincinnati Bengals","HOME","8.5","-110","1.909091","0.523809"
"2025-10-05T19:26:00Z","CINCINNATI_BENGALS","DETROIT_LIONS","DraftKings","SPREADS","Detroit Lions","AWAY","-8.5","-110","1.909091","0.523809"
"2025-10-05T19:26:00Z","CINCINNATI_BENGALS","DETROIT_LIONS","FanDuel","SPREADS","Cincinnati Bengals","HOME","8.5","-110","1.909091","0.523809"
"2025-10-05T19:26:00Z","CINCINNATI_BENGALS","DETROIT_LIONS","FanDuel","SPREADS","Detroit Lions","AWAY","-8.5","-110","1.909091","0.523809"
"2025-10-05T19:26:00Z","CINCINNATI_BENGALS","DETROIT_LIONS","BetRivers","SPREADS","Cincinnati Bengals","HOME","8.5","-114","1.877193","0.53271"
"2025-10-05T19:26:00Z","CINCINNATI_BENGALS","DETROIT_LIONS","BetRivers","SPREADS","Detroit Lions","AWAY","-8.5","-112","1.892857","0.528302"
"2025-10-05T19:26:00Z","LOS_ANGELES_CHARGERS","WASHINGTON_COMMANDERS","DraftKings","SPREADS","Los Angeles Chargers","HOME","-3","-110","1.909091","0.523809"
"2025-10-05T19:26:00Z","LOS_ANGELES_CHARGERS","WASHINGTON_COMMANDERS","DraftKings","SPREADS","Washington Commanders","AWAY","3","-110","1.909091","0.523809"
"2025-10-05T19:26:00Z","LOS_ANGELES_CHARGERS","WASHINGTON_COMMANDERS","FanDuel","SPREADS","Los Angeles Chargers","HOME","-3","-104","1.961538","0.509804"
"2025-10-05T19:26:00Z","LOS_ANGELES_CHARGERS","WASHINGTON_COMMANDERS","FanDuel","SPREADS","Washington Commanders","AWAY","3","-118","1.847458","0.541284"
"2025-10-05T19:26:00Z","LOS_ANGELES_CHARGERS","WASHINGTON_COMMANDERS","BetRivers","SPREADS","Los Angeles Chargers","HOME","-3","-107","1.934579","0.516908"
"2025-10-05T19:26:00Z","LOS_ANGELES_CHARGERS","WASHINGTON_COMMANDERS","BetRivers","SPREADS","Washington Commanders","AWAY","3","-120","1.833333","0.545455"
"2025-10-05T23:21:00Z","BUFFALO_BILLS","NEW_ENGLAND_PATRIOTS","DraftKings","SPREADS","Buffalo Bills","HOME","-8.5","-115","1.869565","0.534884"
"2025-10-05T23:21:00Z","BUFFALO_BILLS","NEW_ENGLAND_PATRIOTS","DraftKings","SPREADS","New England Patriots","AWAY","8.5","-105","1.952381","0.512195"
"2025-10-05T23:21:00Z","BUFFALO_BILLS","NEW_ENGLAND_PATRIOTS","FanDuel","SPREADS","Buffalo Bills","HOME","-9.5","-120","1.833333","0.545455"
"2025-10-05T23:21:00Z","BUFFALO_BILLS","NEW_ENGLAND_PATRIOTS","FanDuel","SPREADS","New England Patriots","AWAY","9.5","-102","1.980392","0.504951"
"2025-10-05T23:21:00Z","BUFFALO_BILLS","NEW_ENGLAND_PATRIOTS","LowVig.ag","SPREADS","Buffalo Bills","HOME","-9","100","2","0.5"
"2025-10-05T23:21:00Z","BUFFALO_BILLS","NEW_ENGLAND_PATRIOTS","LowVig.ag","SPREADS","New England Patriots","AWAY","9","-110","1.909091","0.523809"
"2025-10-05T23:21:00Z","BUFFALO_BILLS","NEW_ENGLAND_PATRIOTS","BetOnline.ag","SPREADS","Buffalo Bills","HOME","-9","-105","1.952381","0.512195"
"2025-10-05T23:21:00Z","BUFFALO_BILLS","NEW_ENGLAND_PATRIOTS","BetOnline.ag","SPREADS","New England Patriots","AWAY","9","-115","1.869565","0.534884"
"2025-10-05T23:21:00Z","BUFFALO_BILLS","NEW_ENGLAND_PATRIOTS","BetRivers","SPREADS","Buffalo Bills","HOME","-10","-108","1.925926","0.519231"
"2025-10-05T23:21:00Z","BUFFALO_BILLS","NEW_ENGLAND_PATRIOTS","BetRivers","SPREADS","New England Patriots","AWAY","10","-118","1.847458","0.541284"
"2025-10-06T23:16:00Z","JACKSONVILLE_JAGUARS","KANSAS_CITY_CHIEFS","FanDuel","SPREADS","Jacksonville Jaguars","HOME","2.5","-102","1.980392","0.504951"
"2025-10-06T23:16:00Z","JACKSONVILLE_JAGUARS","KANSAS_CITY_CHIEFS","FanDuel","SPREADS","Kansas City Chiefs","AWAY","-2.5","-120","1.833333","0.545455"
"2025-10-06T23:16:00Z","JACKSONVILLE_JAGUARS","KANSAS_CITY_CHIEFS","LowVig.ag","SPREADS","Jacksonville Jaguars","HOME","3","-116","1.862069","0.537037"
"2025-10-06T23:16:00Z","JACKSONVILLE_JAGUARS","KANSAS_CITY_CHIEFS","LowVig.ag","SPREADS","Kansas City Chiefs","AWAY","-3","105","2.05","0.487805"
"2025-10-06T23:16:00Z","JACKSONVILLE_JAGUARS","KANSAS_CITY_CHIEFS","BetOnline.ag","SPREADS","Jacksonville Jaguars","HOME","3","-120","1.833333","0.545455"
"2025-10-06T23:16:00Z","JACKSONVILLE_JAGUARS","KANSAS_CITY_CHIEFS","BetOnline.ag","SPREADS","Kansas City Chiefs","AWAY","-3","100","2","0.5"
"2025-10-06T23:16:00Z","JACKSONVILLE_JAGUARS","KANSAS_CITY_CHIEFS","BetRivers","SPREADS","Jacksonville Jaguars","HOME","3","-118","1.847458","0.541284"
"2025-10-06T23:16:00Z","JACKSONVILLE_JAGUARS","KANSAS_CITY_CHIEFS","BetRivers","SPREADS","Kansas City Chiefs","AWAY","-3","-107","1.934579","0.516908"
"2025-09-28T20:06:00Z","LOS_ANGELES_RAMS","INDIANAPOLIS_COLTS","DraftKings","TOTALS","Over","","47.5","310","4.1","0.243902"
"2025-09-28T20:06:00Z","LOS_ANGELES_RAMS","INDIANAPOLIS_COLTS","DraftKings","TOTALS","Under","","47.5","-445","1.224719","0.816514"
"2025-09-28T20:08:00Z","SAN_FRANCISCO_49ERS","JACKSONVILLE_JAGUARS","DraftKings","TOTALS","Over","","52.5","-120","1.833333","0.545455"
"2025-09-28T20:08:00Z","SAN_FRANCISCO_49ERS","JACKSONVILLE_JAGUARS","DraftKings","TOTALS","Under","","52.5","-110","1.909091","0.523809"
"2025-09-28T20:08:00Z","SAN_FRANCISCO_49ERS","JACKSONVILLE_JAGUARS","FanDuel","TOTALS","Over","","53.5","102","2.02","0.49505"
"2025-09-28T20:08:00Z","SAN_FRANCISCO_49ERS","JACKSONVILLE_JAGUARS","FanDuel","TOTALS","Under","","53.5","-136","1.735294","0.576271"
"2025-09-28T20:08:00Z","SAN_FRANCISCO_49ERS","JACKSONVILLE_JAGUARS","MyBookie.ag","TOTALS","Over","","52.5","-133","1.75188","0.570815"
"2025-09-28T20:08:00Z","SAN_FRANCISCO_49ERS","JACKSONVILLE_JAGUARS","MyBookie.ag","TOTALS","Under","","52.5","100","2","0.5"
"2025-09-28T20:08:00Z","SAN_FRANCISCO_49ERS","JACKSONVILLE_JAGUARS","BetRivers","TOTALS","Over","","53.5","-120","1.833333","0.545455"
"2025-09-28T20:08:00Z","SAN_FRANCISCO_49ERS","JACKSONVILLE_JAGUARS","BetRivers","TOTALS","Under","","53.5","-118","1.847458","0.541284"
"2025-09-28T20:08:00Z","SAN_FRANCISCO_49ERS","JACKSONVILLE_JAGUARS","Bovada","TOTALS","Over","","53.5","-125","1.8","0.555556"
"2025-09-28T20:08:00Z","SAN_FRANCISCO_49ERS","JACKSONVILLE_JAGUARS","Bovada","TOTALS","Under","","53.5","-105","1.952381","0.512195"
"2025-09-28T20:08:00Z","SAN_FRANCISCO_49ERS","JACKSONVILLE_JAGUARS","BetMGM","TOTALS","Over","","51.5","-110","1.909091","0.523809"
"2025-09-28T20:08:00Z","SAN_FRANCISCO_49ERS","JACKSONVILLE_JAGUARS","BetMGM","TOTALS","Under","","51.5","-115","1.869565","0.534884"
"2025-09-28T20:26:00Z","LAS_VEGAS_RAIDERS","CHICAGO_BEARS","DraftKings","TOTALS","Over","","51.5","-120","1.833333","0.545455"
"2025-09-28T20:26:00Z","LAS_VEGAS_RAIDERS","CHICAGO_BEARS","DraftKings","TOTALS","Under","","51.5","-110","1.909091","0.523809"
"2025-09-28T20:26:00Z","LAS_VEGAS_RAIDERS","CHICAGO_BEARS","FanDuel","TOTALS","Over","","52.5","-114","1.877193","0.53271"
"2025-09-28T20:26:00Z","LAS_VEGAS_RAIDERS","CHICAGO_BEARS","FanDuel","TOTALS","Under","","52.5","-114","1.877193","0.53271"
"2025-09-28T20:26:00Z","LAS_VEGAS_RAIDERS","CHICAGO_BEARS","MyBookie.ag","TOTALS","Over","","48.5","-118","1.847458","0.541284"
"2025-09-28T20:26:00Z","LAS_VEGAS_RAIDERS","CHICAGO_BEARS","MyBookie.ag","TOTALS","Under","","48.5","-111","1.900901","0.526066"
"2025-09-28T20:26:00Z","LAS_VEGAS_RAIDERS","CHICAGO_BEARS","BetRivers","TOTALS","Over","","50.5","-110","1.909091","0.523809"
"2025-09-28T20:26:00Z","LAS_VEGAS_RAIDERS","CHICAGO_BEARS","BetRivers","TOTALS","Under","","50.5","-129","1.775194","0.563319"
"2025-09-28T20:26:00Z","LAS_VEGAS_RAIDERS","CHICAGO_BEARS","Bovada","TOTALS","Over","","51","-135","1.740741","0.574468"
"2025-09-28T20:26:00Z","LAS_VEGAS_RAIDERS","CHICAGO_BEARS","Bovada","TOTALS","Under","","51","105","2.05","0.487805"
"2025-09-28T20:26:00Z","LAS_VEGAS_RAIDERS","CHICAGO_BEARS","BetMGM","TOTALS","Over","","50.5","-105","1.952381","0.512195"
"2025-09-28T20:26:00Z","LAS_VEGAS_RAIDERS","CHICAGO_BEARS","BetMGM","TOTALS","Under","","50.5","-125","1.8","0.555556"
"2025-09-28T20:26:01Z","KANSAS_CITY_CHIEFS","BALTIMORE_RAVENS","DraftKings","TOTALS","Over","","57.5","-125","1.8","0.555556"
"2025-09-28T20:26:01Z","KANSAS_CITY_CHIEFS","BALTIMORE_RAVENS","DraftKings","TOTALS","Under","","57.5","-105","1.952381","0.512195"
"2025-09-28T20:26:01Z","KANSAS_CITY_CHIEFS","BALTIMORE_RAVENS","BetMGM","TOTALS","Over","","58.5","-110","1.909091","0.523809"
"2025-09-28T20:26:01Z","KANSAS_CITY_CHIEFS","BALTIMORE_RAVENS","BetMGM","TOTALS","Under","","58.5","-118","1.847458","0.541284"
"2025-09-28T20:26:01Z","KANSAS_CITY_CHIEFS","BALTIMORE_RAVENS","FanDuel","TOTALS","Over","","57.5","-120","1.833333","0.545455"
"2025-09-28T20:26:01Z","KANSAS_CITY_CHIEFS","BALTIMORE_RAVENS","FanDuel","TOTALS","Under","","57.5","-110","1.909091","0.523809"
"2025-09-28T20:26:01Z","KANSAS_CITY_CHIEFS","BALTIMORE_RAVENS","MyBookie.ag","TOTALS","Over","","58.5","-125","1.8","0.555556"
"2025-09-28T20:26:01Z","KANSAS_CITY_CHIEFS","BALTIMORE_RAVENS","MyBookie.ag","TOTALS","Under","","58.5","-111","1.900901","0.526066"
"2025-09-28T20:26:01Z","KANSAS_CITY_CHIEFS","BALTIMORE_RAVENS","BetRivers","TOTALS","Over","","57.5","-115","1.869565","0.534884"
"2025-09-28T20:26:01Z","KANSAS_CITY_CHIEFS","BALTIMORE_RAVENS","BetRivers","TOTALS","Under","","57.5","-122","1.819672","0.54955"
"2025-09-29T00:21:00Z","DALLAS_COWBOYS","GREEN_BAY_PACKERS","DraftKings","TOTALS","Over","","47.5","-105","1.952381","0.512195"
"2025-09-29T00:21:00Z","DALLAS_COWBOYS","GREEN_BAY_PACKERS","DraftKings","TOTALS","Under","","47.5","-115","1.869565","0.534884"
"2025-09-29T00:21:00Z","DALLAS_COWBOYS","GREEN_BAY_PACKERS","BetUS","TOTALS","Over","","46.5","-110","1.909091","0.523809"
"2025-09-29T00:21:00Z","DALLAS_COWBOYS","GREEN_BAY_PACKERS","BetUS","TOTALS","Under","","46.5","-110","1.909091","0.523809"
"2025-09-29T00:21:00Z","DALLAS_COWBOYS","GREEN_BAY_PACKERS","BetMGM","TOTALS","Over","","46.5","-118","1.847458","0.541284"
"2025-09-29T00:21:00Z","DALLAS_COWBOYS","GREEN_BAY_PACKERS","BetMGM","TOTALS","Under","","46.5","-110","1.909091","0.523809"
"2025-09-29T00:21:00Z","DALLAS_COWBOYS","GREEN_BAY_PACKERS","FanDuel","TOTALS","Over","","46.5","-112","1.892857","0.528302"
"2025-09-29T00:21:00Z","DALLAS_COWBOYS","GREEN_BAY_PACKERS","FanDuel","TOTALS","Under","","46.5","-108","1.925926","0.519231"
"2025-09-29T00:21:00Z","DALLAS_COWBOYS","GREEN_BAY_PACKERS","MyBookie.ag","TOTALS","Over","","46.5","-110","1.909091","0.523809"
"2025-09-29T00:21:00Z","DALLAS_COWBOYS","GREEN_BAY_PACKERS","MyBookie.ag","TOTALS","Under","","46.5","-110","1.909091","0.523809"
"2025-09-29T00:21:00Z","DALLAS_COWBOYS","GREEN_BAY_PACKERS","BetOnline.ag","TOTALS","Over","","46.5","-110","1.909091","0.523809"
"2025-09-29T00:21:00Z","DALLAS_COWBOYS","GREEN_BAY_PACKERS","BetOnline.ag","TOTALS","Under","","46.5","-110","1.909091","0.523809"
"2025-09-29T00:21:00Z","DALLAS_COWBOYS","GREEN_BAY_PACKERS","LowVig.ag","TOTALS","Over","","46.5","-107","1.934579","0.516908"
"2025-09-29T00:21:00Z","DALLAS_COWBOYS","GREEN_BAY_PACKERS","LowVig.ag","TOTALS","Under","","46.5","-107","1.934579","0.516908"
"2025-09-29T00:21:00Z","DALLAS_COWBOYS","GREEN_BAY_PACKERS","BetRivers","TOTALS","Over","","46.5","-113","1.884956","0.530516"
"2025-09-29T00:21:00Z","DALLAS_COWBOYS","GREEN_BAY_PACKERS","BetRivers","TOTALS","Under","","46.5","-113","1.884956","0.530516"
"2025-09-29T00:21:00Z","DALLAS_COWBOYS","GREEN_BAY_PACKERS","Bovada","TOTALS","Over","","46.5","-110","1.909091","0.523809"
"2025-09-29T00:21:00Z","DALLAS_COWBOYS","GREEN_BAY_PACKERS","Bovada","TOTALS","Under","","46.5","-110","1.909091","0.523809"
"2025-09-29T23:16:00Z","MIAMI_DOLPHINS","NEW_YORK_JETS","DraftKings","TOTALS","Over","","45.5","-105","1.952381","0.512195"
"2025-09-29T23:16:00Z","MIAMI_DOLPHINS","NEW_YORK_JETS","DraftKings","TOTALS","Under","","45.5","-115","1.869565","0.534884"
"2025-09-29T23:16:00Z","MIAMI_DOLPHINS","NEW_YORK_JETS","BetMGM","TOTALS","Over","","44.5","-110","1.909091","0.523809"
"2025-09-29T23:16:00Z","MIAMI_DOLPHINS","NEW_YORK_JETS","BetMGM","TOTALS","Under","","44.5","-110","1.909091","0.523809"
"2025-09-29T23:16:00Z","MIAMI_DOLPHINS","NEW_YORK_JETS","FanDuel","TOTALS","Over","","44.5","-108","1.925926","0.519231"
"2025-09-29T23:16:00Z","MIAMI_DOLPHINS","NEW_YORK_JETS","FanDuel","TOTALS","Under","","44.5","-112","1.892857","0.528302"
"2025-09-29T23:16:00Z","MIAMI_DOLPHINS","NEW_YORK_JETS","MyBookie.ag","TOTALS","Over","","44.5","-110","1.909091","0.523809"
"2025-09-29T23:16:00Z","MIAMI_DOLPHINS","NEW_YORK_JETS","MyBookie.ag","TOTALS","Under","","44.5","-110","1.909091","0.523809"
"2025-09-29T23:16:00Z","MIAMI_DOLPHINS","NEW_YORK_JETS","LowVig.ag","TOTALS","Over","","44.5","-105","1.952381","0.512195"
"2025-09-29T23:16:00Z","MIAMI_DOLPHINS","NEW_YORK_JETS","LowVig.ag","TOTALS","Under","","44.5","-109","1.917431","0.521531"
"2025-09-29T23:16:00Z","MIAMI_DOLPHINS","NEW_YORK_JETS","BetOnline.ag","TOTALS","Over","","44.5","-108","1.925926","0.519231"
"2025-09-29T23:16:00Z","MIAMI_DOLPHINS","NEW_YORK_JETS","BetOnline.ag","TOTALS","Under","","44.5","-112","1.892857","0.528302"
"2025-09-29T23:16:00Z","MIAMI_DOLPHINS","NEW_YORK_JETS","BetUS","TOTALS","Over","","44.5","-110","1.909091","0.523809"
"2025-09-29T23:16:00Z","MIAMI_DOLPHINS","NEW_YORK_JETS","BetUS","TOTALS","Under","","44.5","-110","1.909091","0.523809"
"2025-09-29T23:16:00Z","MIAMI_DOLPHINS","NEW_YORK_JETS","BetRivers","TOTALS","Over","","44.5","-113","1.884956","0.530516"
"2025-09-29T23:16:00Z","MIAMI_DOLPHINS","NEW_YORK_JETS","BetRivers","TOTALS","Under","","44.5","-112","1.892857","0.528302"
"2025-09-29T23:16:00Z","MIAMI_DOLPHINS","NEW_YORK_JETS","Bovada","TOTALS","Over","","44","-110","1.909091","0.523809"
"2025-09-29T23:16:00Z","MIAMI_DOLPHINS","NEW_YORK_JETS","Bovada","TOTALS","Under","","44","-110","1.909091","0.523809"
"2025-09-30T00:16:00Z","DENVER_BRONCOS","CINCINNATI_BENGALS","DraftKings","TOTALS","Over","","44.5","-105","1.952381","0.512195"
"2025-09-30T00:16:00Z","DENVER_BRONCOS","CINCINNATI_BENGALS","DraftKings","TOTALS","Under","","44.5","-115","1.869565","0.534884"
"2025-09-30T00:16:00Z","DENVER_BRONCOS","CINCINNATI_BENGALS","BetUS","TOTALS","Over","","44.5","-110","1.909091","0.523809"
"2025-09-30T00:16:00Z","DENVER_BRONCOS","CINCINNATI_BENGALS","BetUS","TOTALS","Under","","44.5","-110","1.909091","0.523809"
"2025-09-30T00:16:00Z","DENVER_BRONCOS","CINCINNATI_BENGALS","FanDuel","TOTALS","Over","","43.5","-118","1.847458","0.541284"
"2025-09-30T00:16:00Z","DENVER_BRONCOS","CINCINNATI_BENGALS","FanDuel","TOTALS","Under","","43.5","-104","1.961538","0.509804"
"2025-09-30T00:16:00Z","DENVER_BRONCOS","CINCINNATI_BENGALS","MyBookie.ag","TOTALS","Over","","44","-110","1.909091","0.523809"
"2025-09-30T00:16:00Z","DENVER_BRONCOS","CINCINNATI_BENGALS","MyBookie.ag","TOTALS","Under","","44","-110","1.909091","0.523809"
"2025-09-30T00:16:00Z","DENVER_BRONCOS","CINCINNATI_BENGALS","LowVig.ag","TOTALS","Over","","44","-113","1.884956","0.530516"
"2025-09-30T00:16:00Z","DENVER_BRONCOS","CINCINNATI_BENGALS","LowVig.ag","TOTALS","Under","","44","-102","1.980392","0.504951"
"2025-09-30T00:16:00Z","DENVER_BRONCOS","CINCINNATI_BENGALS","BetOnline.ag","TOTALS","Over","","44","-115","1.869565","0.534884"
"2025-09-30T00:16:00Z","DENVER_BRONCOS","CINCINNATI_BENGALS","BetOnline.ag","TOTALS","Under","","44","-105","1.952381","0.512195"
"2025-09-30T00:16:00Z","DENVER_BRONCOS","CINCINNATI_BENGALS","BetRivers","TOTALS","Over","","44.5","-108","1.925926","0.519231"
"2025-09-30T00:16:00Z","DENVER_BRONCOS","CINCINNATI_BENGALS","BetRivers","TOTALS","Under","","44.5","-117","1.854701","0.53917"
"2025-09-30T00:16:00Z","DENVER_BRONCOS","CINCINNATI_BENGALS","Bovada","TOTALS","Over","","44","-110","1.909091","0.523809"
"2025-09-30T00:16:00Z","DENVER_BRONCOS","CINCINNATI_BENGALS","Bovada","TOTALS","Under","","44","-110","1.909091","0.523809"
"2025-09-30T00:16:00Z","DENVER_BRONCOS","CINCINNATI_BENGALS","BetMGM","TOTALS","Over","","44.5","-105","1.952381","0.512195"
"2025-09-30T00:16:00Z","DENVER_BRONCOS","CINCINNATI_BENGALS","BetMGM","TOTALS","Under","","44.5","-115","1.869565","0.534884"
"2025-10-02T23:16:00Z","LOS_ANGELES_RAMS","SAN_FRANCISCO_49ERS","FanDuel","TOTALS","Over","","46.5","-115","1.869565","0.534884"
"2025-10-02T23:16:00Z","LOS_ANGELES_RAMS","SAN_FRANCISCO_49ERS","FanDuel","TOTALS","Under","","46.5","-105","1.952381","0.512195"
"2025-10-02T23:16:00Z","LOS_ANGELES_RAMS","SAN_FRANCISCO_49ERS","LowVig.ag","TOTALS","Over","","46.5","-113","1.884956","0.530516"
"2025-10-02T23:16:00Z","LOS_ANGELES_RAMS","SAN_FRANCISCO_49ERS","LowVig.ag","TOTALS","Under","","46.5","-102","1.980392","0.504951"
"2025-10-02T23:16:00Z","LOS_ANGELES_RAMS","SAN_FRANCISCO_49ERS","BetOnline.ag","TOTALS","Over","","46.5","-115","1.869565","0.534884"
"2025-10-02T23:16:00Z","LOS_ANGELES_RAMS","SAN_FRANCISCO_49ERS","BetOnline.ag","TOTALS","Under","","46.5","-105","1.952381","0.512195"
"2025-10-02T23:16:00Z","LOS_ANGELES_RAMS","SAN_FRANCISCO_49ERS","BetRivers","TOTALS","Over","","46.5","-113","1.884956","0.530516"
"2025-10-02T23:16:00Z","LOS_ANGELES_RAMS","SAN_FRANCISCO_49ERS","BetRivers","TOTALS","Under","","46.5","-113","1.884956","0.530516"
"2025-10-05T12:31:00Z","CLEVELAND_BROWNS","MINNESOTA_VIKINGS","DraftKings","TOTALS","Over","","37.5","-110","1.909091","0.523809"
"2025-10-05T12:31:00Z","CLEVELAND_BROWNS","MINNESOTA_VIKINGS","DraftKings","TOTALS","Under","","37.5","-110","1.909091","0.523809"
"2025-10-05T12:31:00Z","CLEVELAND_BROWNS","MINNESOTA_VIKINGS","FanDuel","TOTALS","Over","","37.5","-110","1.909091","0.523809"
"2025-10-05T12:31:00Z","CLEVELAND_BROWNS","MINNESOTA_VIKINGS","FanDuel","TOTALS","Under","","37.5","-110","1.909091","0.523809"
"2025-10-05T12:31:00Z","CLEVELAND_BROWNS","MINNESOTA_VIKINGS","BetOnline.ag","TOTALS","Over","","37.5","-105","1.952381","0.512195"
"2025-10-05T12:31:00Z","CLEVELAND_BROWNS","MINNESOTA_VIKINGS","BetOnline.ag","TOTALS","Under","","37.5","-115","1.869565","0.534884"
"2025-10-05T12:31:00Z","CLEVELAND_BROWNS","MINNESOTA_VIKINGS","LowVig.ag","TOTALS","Over","","37.5","-102","1.980392","0.504951"
"2025-10-05T12:31:00Z","CLEVELAND_BROWNS","MINNESOTA_VIKINGS","LowVig.ag","TOTALS","Under","","37.5","-113","1.884956","0.530516"
"2025-10-05T12:31:00Z","CLEVELAND_BROWNS","MINNESOTA_VIKINGS","BetRivers","TOTALS","Over","","37.5","-112","1.892857","0.528302"
"2025-10-05T12:31:00Z","CLEVELAND_BROWNS","MINNESOTA_VIKINGS","BetRivers","TOTALS","Under","","37.5","-113","1.884956","0.530516"
"2025-10-05T16:01:00Z","CAROLINA_PANTHERS","MIAMI_DOLPHINS","DraftKings","TOTALS","Over","","46.5","-110","1.909091","0.523809"
"2025-10-05T16:01:00Z","CAROLINA_PANTHERS","MIAMI_DOLPHINS","DraftKings","TOTALS","Under","","46.5","-110","1.909091","0.523809"
"2025-10-05T16:01:00Z","CAROLINA_PANTHERS","MIAMI_DOLPHINS","FanDuel","TOTALS","Over","","44.5","-110","1.909091","0.523809"
"2025-10-05T16:01:00Z","CAROLINA_PANTHERS","MIAMI_DOLPHINS","FanDuel","TOTALS","Under","","44.5","-110","1.909091","0.523809"
"2025-10-05T16:01:00Z","CAROLINA_PANTHERS","MIAMI_DOLPHINS","BetRivers","TOTALS","Over","","44.5","-115","1.869565","0.534884"
"2025-10-05T16:01:00Z","CAROLINA_PANTHERS","MIAMI_DOLPHINS","BetRivers","TOTALS","Under","","44.5","-110","1.909091","0.523809"
"2025-10-05T16:01:00Z","NEW_YORK_JETS","DALLAS_COWBOYS","DraftKings","TOTALS","Over","","46.5","-110","1.909091","0.523809"
"2025-10-05T16:01:00Z","NEW_YORK_JETS","DALLAS_COWBOYS","DraftKings","TOTALS","Under","","46.5","-110","1.909091","0.523809"
"2025-10-05T16:01:00Z","NEW_YORK_JETS","DALLAS_COWBOYS","FanDuel","TOTALS","Over","","45.5","-102","1.980392","0.504951"
"2025-10-05T16:01:00Z","NEW_YORK_JETS","DALLAS_COWBOYS","FanDuel","TOTALS","Under","","45.5","-120","1.833333","0.545455"
"2025-10-05T16:01:00Z","NEW_YORK_JETS","DALLAS_COWBOYS","BetRivers","TOTALS","Over","","45.5","-114","1.877193","0.53271"
"2025-10-05T16:01:00Z","NEW_YORK_JETS","DALLAS_COWBOYS","BetRivers","TOTALS","Under","","45.5","-112","1.892857","0.528302"
"2025-10-05T16:01:00Z","PHILADELPHIA_EAGLES","DENVER_BRONCOS","DraftKings","TOTALS","Over","","43.5","-115","1.869565","0.534884"
"2025-10-05T16:01:00Z","PHILADELPHIA_EAGLES","DENVER_BRONCOS","DraftKings","TOTALS","Under","","43.5","-105","1.952381","0.512195"
"2025-10-05T16:01:00Z","PHILADELPHIA_EAGLES","DENVER_BRONCOS","FanDuel","TOTALS","Over","","44.5","-104","1.961538","0.509804"
"2025-10-05T16:01:00Z","PHILADELPHIA_EAGLES","DENVER_BRONCOS","FanDuel","TOTALS","Under","","44.5","-118","1.847458","0.541284"
"2025-10-05T16:01:00Z","PHILADELPHIA_EAGLES","DENVER_BRONCOS","BetRivers","TOTALS","Over","","44","-110","1.909091","0.523809"
"2025-10-05T16:01:00Z","PHILADELPHIA_EAGLES","DENVER_BRONCOS","BetRivers","TOTALS","Under","","44","-115","1.869565","0.534884"
"2025-10-05T16:01:00Z","INDIANAPOLIS_COLTS","LAS_VEGAS_RAIDERS","FanDuel","TOTALS","Over","","48.5","-105","1.952381","0.512195"
"2025-10-05T16:01:00Z","INDIANAPOLIS_COLTS","LAS_VEGAS_RAIDERS","FanDuel","TOTALS","Under","","48.5","-115","1.869565","0.534884"
"2025-10-05T16:01:00Z","INDIANAPOLIS_COLTS","LAS_VEGAS_RAIDERS","BetRivers","TOTALS","Over","","48","-114","1.877193","0.53271"
"2025-10-05T16:01:00Z","INDIANAPOLIS_COLTS","LAS_VEGAS_RAIDERS","BetRivers","TOTALS","Under","","48","-112","1.892857","0.528302"
"2025-10-05T16:01:00Z","NEW_ORLEANS_SAINTS","NEW_YORK_GIANTS","DraftKings","TOTALS","Over","","42.5","-110","1.909091","0.523809"
"2025-10-05T16:01:00Z","NEW_ORLEANS_SAINTS","NEW_YORK_GIANTS","DraftKings","TOTALS","Under","","42.5","-110","1.909091","0.523809"
"2025-10-05T16:01:00Z","NEW_ORLEANS_SAINTS","NEW_YORK_GIANTS","FanDuel","TOTALS","Over","","41.5","-105","1.952381","0.512195"
"2025-10-05T16:01:00Z","NEW_ORLEANS_SAINTS","NEW_YORK_GIANTS","FanDuel","TOTALS","Under","","41.5","-115","1.869565","0.534884"
"2025-10-05T16:01:00Z","NEW_ORLEANS_SAINTS","NEW_YORK_GIANTS","BetRivers","TOTALS","Over","","41","-115","1.869565","0.534884"
"2025-10-05T16:01:00Z","NEW_ORLEANS_SAINTS","NEW_YORK_GIANTS","BetRivers","TOTALS","Under","","41","-110","1.909091","0.523809"
"2025-10-05T19:06:00Z","ARIZONA_CARDINALS","TENNESSEE_TITANS","DraftKings","TOTALS","Over","","42.5","-105","1.952381","0.512195"
"2025-10-05T19:06:00Z","ARIZONA_CARDINALS","TENNESSEE_TITANS","DraftKings","TOTALS","Under","","42.5","-115","1.869565","0.534884"
"2025-10-05T19:06:00Z","ARIZONA_CARDINALS","TENNESSEE_TITANS","FanDuel","TOTALS","Over","","40.5","-110","1.909091","0.523809"
"2025-10-05T19:06:00Z","ARIZONA_CARDINALS","TENNESSEE_TITANS","FanDuel","TOTALS","Under","","40.5","-110","1.909091","0.523809"
"2025-10-05T19:06:00Z","ARIZONA_CARDINALS","TENNESSEE_TITANS","BetOnline.ag","TOTALS","Over","","41","-105","1.952381","0.512195"
"2025-10-05T19:06:00Z","ARIZONA_CARDINALS","TENNESSEE_TITANS","BetOnline.ag","TOTALS","Under","","41","-115","1.869565","0.534884"
"2025-10-05T19:06:00Z","ARIZONA_CARDINALS","TENNESSEE_TITANS","LowVig.ag","TOTALS","Over","","41","-102","1.980392","0.504951"
"2025-10-05T19:06:00Z","ARIZONA_CARDINALS","TENNESSEE_TITANS","LowVig.ag","TOTALS","Under","","41","-113","1.884956","0.530516"
"2025-10-05T19:06:00Z","ARIZONA_CARDINALS","TENNESSEE_TITANS","BetRivers","TOTALS","Over","","40.5","-113","1.884956","0.530516"
"2025-10-05T19:06:00Z","ARIZONA_CARDINALS","TENNESSEE_TITANS","BetRivers","TOTALS","Under","","40.5","-112","1.892857","0.528302"
"2025-10-05T19:06:00Z","SEATTLE_SEAHAWKS","TAMPA_BAY_BUCCANEERS","DraftKings","TOTALS","Over","","45.5","-110","1.909091","0.523809"
"2025-10-05T19:06:00Z","SEATTLE_SEAHAWKS","TAMPA_BAY_BUCCANEERS","DraftKings","TOTALS","Under","","45.5","-110","1.909091","0.523809"
"2025-10-05T19:06:00Z","SEATTLE_SEAHAWKS","TAMPA_BAY_BUCCANEERS","FanDuel","TOTALS","Over","","44.5","-115","1.869565","0.534884"
"2025-10-05T19:06:00Z","SEATTLE_SEAHAWKS","TAMPA_BAY_BUCCANEERS","FanDuel","TOTALS","Under","","44.5","-105","1.952381","0.512195"
"2025-10-05T19:06:00Z","SEATTLE_SEAHAWKS","TAMPA_BAY_BUCCANEERS","LowVig.ag","TOTALS","Over","","44","-107","1.934579","0.516908"
"2025-10-05T19:06:00Z","SEATTLE_SEAHAWKS","TAMPA_BAY_BUCCANEERS","LowVig.ag","TOTALS","Under","","44","-107","1.934579","0.516908"
"2025-10-05T19:06:00Z","SEATTLE_SEAHAWKS","TAMPA_BAY_BUCCANEERS","BetOnline.ag","TOTALS","Over","","44","-110","1.909091","0.523809"
"2025-10-05T19:06:00Z","SEATTLE_SEAHAWKS","TAMPA_BAY_BUCCANEERS","BetOnline.ag","TOTALS","Under","","44","-110","1.909091","0.523809"
"2025-10-05T19:06:00Z","SEATTLE_SEAHAWKS","TAMPA_BAY_BUCCANEERS","BetRivers","TOTALS","Over","","44.5","-114","1.877193","0.53271"
"2025-10-05T19:06:00Z","SEATTLE_SEAHAWKS","TAMPA_BAY_BUCCANEERS","BetRivers","TOTALS","Under","","44.5","-112","1.892857","0.528302"
"2025-10-05T19:26:00Z","CINCINNATI_BENGALS","DETROIT_LIONS","DraftKings","TOTALS","Over","","48.5","-110","1.909091","0.523809"
"2025-10-05T19:26:00Z","CINCINNATI_BENGALS","DETROIT_LIONS","DraftKings","TOTALS","Under","","48.5","-110","1.909091","0.523809"
"2025-10-05T19:26:00Z","CINCINNATI_BENGALS","DETROIT_LIONS","FanDuel","TOTALS","Over","","49.5","-105","1.952381","0.512195"
"2025-10-05T19:26:00Z","CINCINNATI_BENGALS","DETROIT_LIONS","FanDuel","TOTALS","Under","","49.5","-115","1.869565","0.534884"
"2025-10-05T19:26:00Z","CINCINNATI_BENGALS","DETROIT_LIONS","BetRivers","TOTALS","Over","","49.5","-112","1.892857","0.528302"
"2025-10-05T19:26:00Z","CINCINNATI_BENGALS","DETROIT_LIONS","BetRivers","TOTALS","Under","","49.5","-114","1.877193","0.53271"
"2025-10-05T19:26:00Z","LOS_ANGELES_CHARGERS","WASHINGTON_COMMANDERS","DraftKings","TOTALS","Over","","47.5","-110","1.909091","0.523809"
"2025-10-05T19:26:00Z","LOS_ANGELES_CHARGERS","WASHINGTON_COMMANDERS","DraftKings","TOTALS","Under","","47.5","-110","1.909091","0.523809"
"2025-10-05T19:26:00Z","LOS_ANGELES_CHARGERS","WASHINGTON_COMMANDERS","FanDuel","TOTALS","Over","","49.5","-105","1.952381","0.512195"
"2025-10-05T19:26:00Z","LOS_ANGELES_CHARGERS","WASHINGTON_COMMANDERS","FanDuel","TOTALS","Under","","49.5","-115","1.869565","0.534884"
"2025-10-05T19:26:00Z","LOS_ANGELES_CHARGERS","WASHINGTON_COMMANDERS","BetRivers","TOTALS","Over","","49","-114","1.877193","0.53271"
"2025-10-05T19:26:00Z","LOS_ANGELES_CHARGERS","WASHINGTON_COMMANDERS","BetRivers","TOTALS","Under","","49","-112","1.892857","0.528302"
"2025-10-05T23:21:00Z","BUFFALO_BILLS","NEW_ENGLAND_PATRIOTS","DraftKings","TOTALS","Over","","50.5","-110","1.909091","0.523809"
"2025-10-05T23:21:00Z","BUFFALO_BILLS","NEW_ENGLAND_PATRIOTS","DraftKings","TOTALS","Under","","50.5","-110","1.909091","0.523809"
"2025-10-05T23:21:00Z","BUFFALO_BILLS","NEW_ENGLAND_PATRIOTS","FanDuel","TOTALS","Over","","49.5","-115","1.869565","0.534884"
"2025-10-05T23:21:00Z","BUFFALO_BILLS","NEW_ENGLAND_PATRIOTS","FanDuel","TOTALS","Under","","49.5","-105","1.952381","0.512195"
"2025-10-05T23:21:00Z","BUFFALO_BILLS","NEW_ENGLAND_PATRIOTS","LowVig.ag","TOTALS","Over","","50","-107","1.934579","0.516908"
"2025-10-05T23:21:00Z","BUFFALO_BILLS","NEW_ENGLAND_PATRIOTS","LowVig.ag","TOTALS","Under","","50","-107","1.934579","0.516908"
"2025-10-05T23:21:00Z","BUFFALO_BILLS","NEW_ENGLAND_PATRIOTS","BetOnline.ag","TOTALS","Over","","50","-110","1.909091","0.523809"
"2025-10-05T23:21:00Z","BUFFALO_BILLS","NEW_ENGLAND_PATRIOTS","BetOnline.ag","TOTALS","Under","","50","-110","1.909091","0.523809"
"2025-10-05T23:21:00Z","BUFFALO_BILLS","NEW_ENGLAND_PATRIOTS","BetRivers","TOTALS","Over","","49.5","-113","1.884956","0.530516"
"2025-10-05T23:21:00Z","BUFFALO_BILLS","NEW_ENGLAND_PATRIOTS","BetRivers","TOTALS","Under","","49.5","-113","1.884956","0.530516"
"2025-10-06T23:16:00Z","JACKSONVILLE_JAGUARS","KANSAS_CITY_CHIEFS","FanDuel","TOTALS","Over","","44.5","-110","1.909091","0.523809"
"2025-10-06T23:16:00Z","JACKSONVILLE_JAGUARS","KANSAS_CITY_CHIEFS","FanDuel","TOTALS","Under","","44.5","-110","1.909091","0.523809"
"2025-10-06T23:16:00Z","JACKSONVILLE_JAGUARS","KANSAS_CITY_CHIEFS","LowVig.ag","TOTALS","Over","","44.5","-107","1.934579","0.516908"
"2025-10-06T23:16:00Z","JACKSONVILLE_JAGUARS","KANSAS_CITY_CHIEFS","LowVig.ag","TOTALS","Under","","44.5","-107","1.934579","0.516908"
"2025-10-06T23:16:00Z","JACKSONVILLE_JAGUARS","KANSAS_CITY_CHIEFS","BetOnline.ag","TOTALS","Over","","44.5","-110","1.909091","0.523809"
"2025-10-06T23:16:00Z","JACKSONVILLE_JAGUARS","KANSAS_CITY_CHIEFS","BetOnline.ag","TOTALS","Under","","44.5","-110","1.909091","0.523809"
"2025-10-06T23:16:00Z","JACKSONVILLE_JAGUARS","KANSAS_CITY_CHIEFS","BetRivers","TOTALS","Over","","44.5","-109","1.917431","0.521531"
"2025-10-06T23:16:00Z","JACKSONVILLE_JAGUARS","KANSAS_CITY_CHIEFS","BetRivers","TOTALS","Under","","44.5","-117","1.854701","0.53917"
