Season,Week,game_date,home_team,away_team,has_odds
2017,1,2017-09-07,Patriots,Chiefs,
2017,1,2017-09-10,Lions,Cardinals,
2017,1,2017-09-10,Rams,Colts,
2017,1,2017-09-10,Redskins,Eagles,
2017,1,2017-09-10,Bears,Falcons,
2017,1,2017-09-10,Cowboys,Giants,
2017,1,2017-09-10,Texans,Jaguars,
2017,1,2017-09-10,Bills,Jets,
2017,1,2017-09-10,49ers,Panthers,
2017,1,2017-09-10,Titans,Raiders,
2017,1,2017-09-10,Bengals,Ravens,
2017,1,2017-09-10,Packers,Seahawks,
2017,1,2017-09-10,Browns,Steelers,
2017,1,2017-09-11,Broncos,Chargers,
2017,1,2017-09-11,Vikings,Saints,
2017,2,2017-09-14,Bengals,Texans,
2017,2,2017-09-17,Seahawks,49ers,
2017,2,2017-09-17,Buccaneers,Bears,
2017,2,2017-09-17,Panthers,Bills,
2017,2,2017-09-17,Ravens,Browns,
2017,2,2017-09-17,Colts,Cardinals,
2017,2,2017-09-17,Broncos,Cowboys,
2017,2,2017-09-17,Chargers,Dolphins,
2017,2,2017-09-17,Chiefs,Eagles,
2017,2,2017-09-17,Raiders,Jets,
2017,2,2017-09-17,Falcons,Packers,
2017,2,2017-09-17,Saints,Patriots,
2017,2,2017-09-17,Rams,Redskins,
2017,2,2017-09-17,Jaguars,Titans,
2017,2,2017-09-17,Steelers,Vikings,
2017,2,2017-09-18,Giants,Lions,
2017,3,2017-09-21,49ers,Rams,
2017,3,2017-09-24,Packers,Bengals,
2017,3,2017-09-24,Bills,Broncos,
2017,3,2017-09-24,Colts,Browns,
2017,3,2017-09-24,Vikings,Buccaneers,
2017,3,2017-09-24,Chargers,Chiefs,
2017,3,2017-09-24,Jets,Dolphins,
2017,3,2017-09-24,Lions,Falcons,
2017,3,2017-09-24,Eagles,Giants,
2017,3,2017-09-24,Redskins,Raiders,
2017,3,2017-09-24,Jaguars,Ravens,
2017,3,2017-09-24,Panthers,Saints,
2017,3,2017-09-24,Titans,Seahawks,
2017,3,2017-09-24,Bears,Steelers,
2017,3,2017-09-24,Patriots,Texans,
2017,3,2017-09-25,Cardinals,Cowboys,
2017,4,2017-09-28,Packers,Bears,
2017,4,2017-10-01,Cardinals,49ers,
2017,4,2017-10-01,Browns,Bengals,
2017,4,2017-10-01,Falcons,Bills,
2017,4,2017-10-01,Seahawks,Colts,
2017,4,2017-10-01,Chargers,Eagles,
2017,4,2017-10-01,Buccaneers,Giants,
2017,4,2017-10-01,Jets,Jaguars,
2017,4,2017-10-01,Vikings,Lions,
2017,4,2017-10-01,Patriots,Panthers,
2017,4,2017-10-01,Broncos,Raiders,
2017,4,2017-10-01,Cowboys,Rams,
2017,4,2017-10-01,Dolphins,Saints,
2017,4,2017-10-01,Ravens,Steelers,
2017,4,2017-10-01,Texans,Titans,
2017,4,2017-10-02,Chiefs,Redskins,
2017,5,2017-10-05,Buccaneers,Patriots,
2017,5,2017-10-08,Colts,49ers,
2017,5,2017-10-08,Bengals,Bills,
2017,5,2017-10-08,Eagles,Cardinals,
2017,5,2017-10-08,Giants,Chargers,
2017,5,2017-10-08,Texans,Chiefs,
2017,5,2017-10-08,Steelers,Jaguars,
2017,5,2017-10-08,Browns,Jets,
2017,5,2017-10-08,Cowboys,Packers,
2017,5,2017-10-08,Lions,Panthers,
2017,5,2017-10-08,Raiders,Ravens,
2017,5,2017-10-08,Rams,Seahawks,
2017,5,2017-10-08,Dolphins,Titans,
2017,5,2017-10-09,Bears,Vikings,
2017,6,2017-10-12,Panthers,Eagles,
2017,6,2017-10-15,Redskins,49ers,
2017,6,2017-10-15,Ravens,Bears,
2017,6,2017-10-15,Texans,Browns,
2017,6,2017-10-15,Cardinals,Buccaneers,
2017,6,2017-10-15,Raiders,Chargers,
2017,6,2017-10-15,Falcons,Dolphins,
2017,6,2017-10-15,Broncos,Giants,
2017,6,2017-10-15,Saints,Lions,
2017,6,2017-10-15,Vikings,Packers,
2017,6,2017-10-15,Jets,Patriots,
2017,6,2017-10-15,Jaguars,Rams,
2017,6,2017-10-15,Chiefs,Steelers,
2017,6,2017-10-16,Titans,Colts,
2017,7,2017-10-19,Raiders,Chiefs,
2017,7,2017-10-22,Steelers,Bengals,
2017,7,2017-10-22,Chargers,Broncos,
2017,7,2017-10-22,Bills,Buccaneers,
2017,7,2017-10-22,Rams,Cardinals,
2017,7,2017-10-22,49ers,Cowboys,
2017,7,2017-10-22,Patriots,Falcons,
2017,7,2017-10-22,Colts,Jaguars,
2017,7,2017-10-22,Dolphins,Jets,
2017,7,2017-10-22,Bears,Panthers,
2017,7,2017-10-22,Vikings,Ravens,
2017,7,2017-10-22,Packers,Saints,
2017,7,2017-10-22,Giants,Seahawks,
2017,7,2017-10-22,Browns,Titans,
2017,7,2017-10-23,Eagles,Redskins,
2017,8,2017-10-26,Ravens,Dolphins,
2017,8,2017-10-29,Eagles,49ers,
2017,8,2017-10-29,Saints,Bears,
2017,8,2017-10-29,Patriots,Chargers,
2017,8,2017-10-29,Bengals,Colts,
2017,8,2017-10-29,Redskins,Cowboys,
2017,8,2017-10-29,Jets,Falcons,
2017,8,2017-10-29,Buccaneers,Panthers,
2017,8,2017-10-29,Bills,Raiders,
2017,8,2017-10-29,Lions,Steelers,
2017,8,2017-10-29,Seahawks,Texans,
2017,8,2017-10-29,Browns,Vikings,
2017,8,2017-10-30,Chiefs,Broncos,
2017,9,2017-11-02,Jets,Bills,
2017,9,2017-11-05,Jaguars,Bengals,
2017,9,2017-11-05,Eagles,Broncos,
2017,9,2017-11-05,Saints,Buccaneers,
2017,9,2017-11-05,49ers,Cardinals,
2017,9,2017-11-05,Cowboys,Chiefs,
2017,9,2017-11-05,Texans,Colts,
2017,9,2017-11-05,Panthers,Falcons,
2017,9,2017-11-05,Dolphins,Raiders,
2017,9,2017-11-05,Giants,Rams,
2017,9,2017-11-05,Titans,Ravens,
2017,9,2017-11-05,Seahawks,Redskins,
2017,9,2017-11-06,Packers,Lions,
2017,10,2017-11-09,Cardinals,Seahawks,
2017,10,2017-11-12,Titans,Bengals,
2017,10,2017-11-12,Lions,Browns,
2017,10,2017-11-12,Jaguars,Chargers,
2017,10,2017-11-12,Falcons,Cowboys,
2017,10,2017-11-12,49ers,Giants,
2017,10,2017-11-12,Buccaneers,Jets,
2017,10,2017-11-12,Bears,Packers,
2017,10,2017-11-12,Broncos,Patriots,
2017,10,2017-11-12,Bills,Saints,
2017,10,2017-11-12,Colts,Steelers,
2017,10,2017-11-12,Rams,Texans,
2017,10,2017-11-12,Redskins,Vikings,
2017,10,2017-11-13,Panthers,Dolphins,
2017,11,2017-11-16,Steelers,Titans,
2017,11,2017-11-19,Broncos,Bengals,
2017,11,2017-11-19,Chargers,Bills,
2017,11,2017-11-19,Dolphins,Buccaneers,
2017,11,2017-11-19,Texans,Cardinals,
2017,11,2017-11-19,Giants,Chiefs,
2017,11,2017-11-19,Cowboys,Eagles,
2017,11,2017-11-19,Browns,Jaguars,
2017,11,2017-11-19,Bears,Lions,
2017,11,2017-11-19,Raiders,Patriots,
2017,11,2017-11-19,Vikings,Rams,
2017,11,2017-11-19,Packers,Ravens,
2017,11,2017-11-19,Saints,Redskins,
2017,11,2017-11-20,Seahawks,Falcons,
2017,12,2017-11-23,Cowboys,Chargers,
2017,12,2017-11-23,Redskins,Giants,
2017,12,2017-11-23,Lions,Vikings,
2017,12,2017-11-26,Eagles,Bears,
2017,12,2017-11-26,Chiefs,Bills,
2017,12,2017-11-26,Raiders,Broncos,
2017,12,2017-11-26,Bengals,Browns,
2017,12,2017-11-26,Falcons,Buccaneers,
2017,12,2017-11-26,Patriots,Dolphins,
2017,12,2017-11-26,Cardinals,Jaguars,
2017,12,2017-11-26,Steelers,Packers,
2017,12,2017-11-26,Jets,Panthers,
2017,12,2017-11-26,Rams,Saints,
2017,12,2017-11-26,49ers,Seahawks,
2017,12,2017-11-26,Colts,Titans,
2017,12,2017-11-27,Ravens,Texans,
2017,13,2017-11-30,Cowboys,Redskins,
2017,13,2017-12-03,Bears,49ers,
2017,13,2017-12-03,Dolphins,Broncos,
2017,13,2017-12-03,Chargers,Browns,
2017,13,2017-12-03,Packers,Buccaneers,
2017,13,2017-12-03,Jets,Chiefs,
2017,13,2017-12-03,Jaguars,Colts,
2017,13,2017-12-03,Seahawks,Eagles,
2017,13,2017-12-03,Raiders,Giants,
2017,13,2017-12-03,Ravens,Lions,
2017,13,2017-12-03,Saints,Panthers,
2017,13,2017-12-03,Bills,Patriots,
2017,13,2017-12-03,Cardinals,Rams,
2017,13,2017-12-03,Titans,Texans,
2017,13,2017-12-03,Falcons,Vikings,
2017,13,2017-12-04,Bengals,Steelers,
2017,14,2017-12-07,Falcons,Saints,
2017,14,2017-12-10,Texans,49ers,
2017,14,2017-12-10,Bengals,Bears,
2017,14,2017-12-10,Bills,Colts,
2017,14,2017-12-10,Giants,Cowboys,
2017,14,2017-12-10,Rams,Eagles,
2017,14,2017-12-10,Broncos,Jets,
2017,14,2017-12-10,Buccaneers,Lions,
2017,14,2017-12-10,Browns,Packers,
2017,14,2017-12-10,Chiefs,Raiders,
2017,14,2017-12-10,Steelers,Ravens,
2017,14,2017-12-10,Chargers,Redskins,
2017,14,2017-12-10,Jaguars,Seahawks,
2017,14,2017-12-10,Cardinals,Titans,
2017,14,2017-12-10,Panthers,Vikings,
2017,14,2017-12-11,Dolphins,Patriots,
2017,15,2017-12-14,Colts,Broncos,
2017,15,2017-12-16,Lions,Bears,
2017,15,2017-12-16,Chiefs,Chargers,
2017,15,2017-12-17,Vikings,Bengals,
2017,15,2017-12-17,Redskins,Cardinals,
2017,15,2017-12-17,Raiders,Cowboys,
2017,15,2017-12-17,Bills,Dolphins,
2017,15,2017-12-17,Giants,Eagles,
2017,15,2017-12-17,Saints,Jets,
2017,15,2017-12-17,Panthers,Packers,
2017,15,2017-12-17,Steelers,Patriots,
2017,15,2017-12-17,Seahawks,Rams,
2017,15,2017-12-17,Browns,Ravens,
2017,15,2017-12-17,Jaguars,Texans,
2017,15,2017-12-17,49ers,Titans,
2017,15,2017-12-18,Buccaneers,Falcons,
2017,16,2017-12-23,Ravens,Colts,
2017,16,2017-12-23,Packers,Vikings,
2017,16,2017-12-24,Patriots,Bills,
2017,16,2017-12-24,Redskins,Broncos,
2017,16,2017-12-24,Bears,Browns,
2017,16,2017-12-24,Panthers,Buccaneers,
2017,16,2017-12-24,Jets,Chargers,
2017,16,2017-12-24,Chiefs,Dolphins,
2017,16,2017-12-24,Saints,Falcons,
2017,16,2017-12-24,Cardinals,Giants,
2017,16,2017-12-24,49ers,Jaguars,
2017,16,2017-12-24,Bengals,Lions,
2017,16,2017-12-24,Titans,Rams,
2017,16,2017-12-24,Cowboys,Seahawks,
2017,16,2017-12-25,Eagles,Raiders,
2017,16,2017-12-25,Texans,Steelers,
2017,17,2017-12-31,Rams,49ers,
2017,17,2017-12-31,Vikings,Bears,
2017,17,2017-12-31,Ravens,Bengals,
2017,17,2017-12-31,Dolphins,Bills,
2017,17,2017-12-31,Steelers,Browns,
2017,17,2017-12-31,Seahawks,Cardinals,
2017,17,2017-12-31,Broncos,Chiefs,
2017,17,2017-12-31,Eagles,Cowboys,
2017,17,2017-12-31,Titans,Jaguars,
2017,17,2017-12-31,Patriots,Jets,
2017,17,2017-12-31,Lions,Packers,
2017,17,2017-12-31,Falcons,Panthers,
2017,17,2017-12-31,Chargers,Raiders,
2017,17,2017-12-31,Giants,Redskins,
2017,17,2017-12-31,Buccaneers,Saints,
2017,17,2017-12-31,Colts,Texans,
2017,19,2018-01-06,Rams,Falcons,
2017,19,2018-01-06,Chiefs,Titans,
2017,19,2018-01-07,Jaguars,Bills,
2017,19,2018-01-07,Saints,Panthers,
2017,20,2018-01-13,Eagles,Falcons,
2017,20,2018-01-13,Patriots,Titans,
2017,20,2018-01-14,Steelers,Jaguars,
2017,20,2018-01-14,Vikings,Saints,
2017,21,2018-01-21,Patriots,Jaguars,
2017,21,2018-01-21,Eagles,Vikings,
2017,22,2018-02-04,Patriots,Eagles,
2018,1,2018-09-06,Eagles,Falcons,
2018,1,2018-09-09,Vikings,49ers,
2018,1,2018-09-09,Packers,Bears,
2018,1,2018-09-09,Colts,Bengals,
2018,1,2018-09-09,Ravens,Bills,
2018,1,2018-09-09,Saints,Buccaneers,
2018,1,2018-09-09,Chargers,Chiefs,
2018,1,2018-09-09,Panthers,Cowboys,
2018,1,2018-09-09,Giants,Jaguars,
2018,1,2018-09-09,Cardinals,Redskins,
2018,1,2018-09-09,Broncos,Seahawks,
2018,1,2018-09-09,Browns,Steelers,
2018,1,2018-09-09,Patriots,Texans,
2018,1,2018-09-09,Dolphins,Titans,
2018,1,2018-09-10,Lions,Jets,
2018,1,2018-09-10,Raiders,Rams,
2018,2,2018-09-13,Bengals,Ravens,
2018,2,2018-09-16,Saints,Browns,
2018,2,2018-09-16,Rams,Cardinals,
2018,2,2018-09-16,Bills,Chargers,
2018,2,2018-09-16,Steelers,Chiefs,
2018,2,2018-09-16,Redskins,Colts,
2018,2,2018-09-16,Jets,Dolphins,
2018,2,2018-09-16,Buccaneers,Eagles,
2018,2,2018-09-16,Cowboys,Giants,
2018,2,2018-09-16,49ers,Lions,
2018,2,2018-09-16,Falcons,Panthers,
2018,2,2018-09-16,Jaguars,Patriots,
2018,2,2018-09-16,Broncos,Raiders,
2018,2,2018-09-16,Titans,Texans,
2018,2,2018-09-16,Packers,Vikings,
2018,2,2018-09-17,Bears,Seahawks,
2018,3,2018-09-20,Browns,Jets,
2018,3,2018-09-23,Chiefs,49ers,
2018,3,2018-09-23,Cardinals,Bears,
2018,3,2018-09-23,Panthers,Bengals,
2018,3,2018-09-23,Vikings,Bills,
2018,3,2018-09-23,Ravens,Broncos,
2018,3,2018-09-23,Rams,Chargers,
2018,3,2018-09-23,Eagles,Colts,
2018,3,2018-09-23,Seahawks,Cowboys,
2018,3,2018-09-23,Texans,Giants,
2018,3,2018-09-23,Redskins,Packers,
2018,3,2018-09-23,Lions,Patriots,
2018,3,2018-09-23,Dolphins,Raiders,
2018,3,2018-09-23,Falcons,Saints,
2018,3,2018-09-23,Jaguars,Titans,
2018,3,2018-09-24,Buccaneers,Steelers,
2018,4,2018-09-27,Rams,Vikings,
2018,4,2018-09-30,Chargers,49ers,
2018,4,2018-09-30,Falcons,Bengals,
2018,4,2018-09-30,Packers,Bills,
2018,4,2018-09-30,Raiders,Browns,
2018,4,2018-09-30,Bears,Buccaneers,
2018,4,2018-09-30,Patriots,Dolphins,
2018,4,2018-09-30,Titans,Eagles,
2018,4,2018-09-30,Jaguars,Jets,
2018,4,2018-09-30,Cowboys,Lions,
2018,4,2018-09-30,Steelers,Ravens,
2018,4,2018-09-30,Giants,Saints,
2018,4,2018-09-30,Cardinals,Seahawks,
2018,4,2018-09-30,Colts,Texans,
2018,4,2018-10-01,Broncos,Chiefs,
2018,5,2018-10-04,Patriots,Colts,
2018,5,2018-10-07,Jets,Broncos,
2018,5,2018-10-07,49ers,Cardinals,
2018,5,2018-10-07,Texans,Cowboys,
2018,5,2018-10-07,Bengals,Dolphins,
2018,5,2018-10-07,Steelers,Falcons,
2018,5,2018-10-07,Panthers,Giants,
2018,5,2018-10-07,Chiefs,Jaguars,
2018,5,2018-10-07,Lions,Packers,
2018,5,2018-10-07,Chargers,Raiders,
2018,5,2018-10-07,Seahawks,Rams,
2018,5,2018-10-07,Browns,Ravens,
2018,5,2018-10-07,Bills,Titans,
2018,5,2018-10-07,Eagles,Vikings,
2018,5,2018-10-08,Saints,Redskins,
2018,6,2018-10-11,Giants,Eagles,
2018,6,2018-10-14,Dolphins,Bears,
2018,6,2018-10-14,Texans,Bills,
2018,6,2018-10-14,Falcons,Buccaneers,
2018,6,2018-10-14,Vikings,Cardinals,
2018,6,2018-10-14,Browns,Chargers,
2018,6,2018-10-14,Patriots,Chiefs,
2018,6,2018-10-14,Jets,Colts,
2018,6,2018-10-14,Cowboys,Jaguars,
2018,6,2018-10-14,Redskins,Panthers,
2018,6,2018-10-14,Broncos,Rams,
2018,6,2018-10-14,Titans,Ravens,
2018,6,2018-10-14,Raiders,Seahawks,
2018,6,2018-10-14,Bengals,Steelers,
2018,6,2018-10-15,Packers,49ers,
2018,7,2018-10-18,Cardinals,Broncos,
2018,7,2018-10-21,Chiefs,Bengals,
2018,7,2018-10-21,Colts,Bills,
2018,7,2018-10-21,Buccaneers,Browns,
2018,7,2018-10-21,Redskins,Cowboys,
2018,7,2018-10-21,Dolphins,Lions,
2018,7,2018-10-21,Eagles,Panthers,
2018,7,2018-10-21,Bears,Patriots,
2018,7,2018-10-21,49ers,Rams,
2018,7,2018-10-21,Ravens,Saints,
2018,7,2018-10-21,Jaguars,Texans,
2018,7,2018-10-21,Chargers,Titans,
2018,7,2018-10-21,Jets,Vikings,
2018,7,2018-10-22,Falcons,Giants,
2018,8,2018-10-25,Texans,Dolphins,
2018,8,2018-10-28,Cardinals,49ers,
2018,8,2018-10-28,Chiefs,Broncos,
2018,8,2018-10-28,Steelers,Browns,
2018,8,2018-10-28,Bengals,Buccaneers,
2018,8,2018-10-28,Raiders,Colts,
2018,8,2018-10-28,Jaguars,Eagles,
2018,8,2018-10-28,Bears,Jets,
2018,8,2018-10-28,Rams,Packers,
2018,8,2018-10-28,Panthers,Ravens,
2018,8,2018-10-28,Giants,Redskins,
2018,8,2018-10-28,Vikings,Saints,
2018,8,2018-10-28,Lions,Seahawks,
2018,8,2018-10-29,Bills,Patriots,
2018,9,2018-11-01,49ers,Raiders,
2018,9,2018-11-04,Bills,Bears,
2018,9,2018-11-04,Panthers,Buccaneers,
2018,9,2018-11-04,Seahawks,Chargers,
2018,9,2018-11-04,Browns,Chiefs,
2018,9,2018-11-04,Redskins,Falcons,
2018,9,2018-11-04,Dolphins,Jets,
2018,9,2018-11-04,Vikings,Lions,
2018,9,2018-11-04,Patriots,Packers,
2018,9,2018-11-04,Saints,Rams,
2018,9,2018-11-04,Ravens,Steelers,
2018,9,2018-11-04,Broncos,Texans,
2018,9,2018-11-05,Cowboys,Titans,
2018,10,2018-11-08,Steelers,Panthers,
2018,10,2018-11-11,Jets,Bills,
2018,10,2018-11-11,Chiefs,Cardinals,
2018,10,2018-11-11,Raiders,Chargers,
2018,10,2018-11-11,Eagles,Cowboys,
2018,10,2018-11-11,Packers,Dolphins,
2018,10,2018-11-11,Browns,Falcons,
2018,10,2018-11-11,Colts,Jaguars,
2018,10,2018-11-11,Bears,Lions,
2018,10,2018-11-11,Titans,Patriots,
2018,10,2018-11-11,Buccaneers,Redskins,
2018,10,2018-11-11,Bengals,Saints,
2018,10,2018-11-11,Rams,Seahawks,
2018,10,2018-11-12,49ers,Giants,
2018,11,2018-11-15,Seahawks,Packers,
2018,11,2018-11-18,Ravens,Bengals,
2018,11,2018-11-18,Chargers,Broncos,
2018,11,2018-11-18,Giants,Buccaneers,
2018,11,2018-11-18,Falcons,Cowboys,
2018,11,2018-11-18,Saints,Eagles,
2018,11,2018-11-18,Lions,Panthers,
2018,11,2018-11-18,Cardinals,Raiders,
2018,11,2018-11-18,Jaguars,Steelers,
2018,11,2018-11-18,Redskins,Texans,
2018,11,2018-11-18,Colts,Titans,
2018,11,2018-11-18,Bears,Vikings,
2018,11,2018-11-19,Rams,Chiefs,
2018,12,2018-11-22,Lions,Bears,
2018,12,2018-11-22,Saints,Falcons,
2018,12,2018-11-22,Cowboys,Redskins,
2018,12,2018-11-25,Buccaneers,49ers,
2018,12,2018-11-25,Bengals,Browns,
2018,12,2018-11-25,Chargers,Cardinals,
2018,12,2018-11-25,Colts,Dolphins,
2018,12,2018-11-25,Eagles,Giants,
2018,12,2018-11-25,Bills,Jaguars,
2018,12,2018-11-25,Vikings,Packers,
2018,12,2018-11-25,Jets,Patriots,
2018,12,2018-11-25,Ravens,Raiders,
2018,12,2018-11-25,Panthers,Seahawks,
2018,12,2018-11-25,Broncos,Steelers,
2018,12,2018-11-26,Texans,Titans,
2018,13,2018-11-29,Cowboys,Saints,
2018,13,2018-12-02,Seahawks,49ers,
2018,13,2018-12-02,Giants,Bears,
2018,13,2018-12-02,Dolphins,Bills,
2018,13,2018-12-02,Bengals,Broncos,
2018,13,2018-12-02,Texans,Browns,
2018,13,2018-12-02,Packers,Cardinals,
2018,13,2018-12-02,Steelers,Chargers,
2018,13,2018-12-02,Raiders,Chiefs,
2018,13,2018-12-02,Jaguars,Colts,
2018,13,2018-12-02,Titans,Jets,
2018,13,2018-12-02,Buccaneers,Panthers,
2018,13,2018-12-02,Lions,Rams,
2018,13,2018-12-02,Falcons,Ravens,
2018,13,2018-12-02,Patriots,Vikings,
2018,13,2018-12-03,Eagles,Redskins,
2018,14,2018-12-06,Titans,Jaguars,
2018,14,2018-12-09,Chargers,Bengals,
2018,14,2018-12-09,49ers,Broncos,
2018,14,2018-12-09,Texans,Colts,
2018,14,2018-12-09,Cowboys,Eagles,
2018,14,2018-12-09,Packers,Falcons,
2018,14,2018-12-09,Redskins,Giants,
2018,14,2018-12-09,Bills,Jets,
2018,14,2018-12-09,Cardinals,Lions,
2018,14,2018-12-09,Browns,Panthers,
2018,14,2018-12-09,Dolphins,Patriots,
2018,14,2018-12-09,Bears,Rams,
2018,14,2018-12-09,Chiefs,Ravens,
2018,14,2018-12-09,Buccaneers,Saints,
2018,14,2018-12-09,Raiders,Steelers,
2018,14,2018-12-10,Seahawks,Vikings,
2018,15,2018-12-13,Chiefs,Chargers,
2018,15,2018-12-15,Broncos,Browns,
2018,15,2018-12-15,Jets,Texans,
2018,15,2018-12-16,Ravens,Buccaneers,
2018,15,2018-12-16,Falcons,Cardinals,
2018,15,2018-12-16,Colts,Cowboys,
2018,15,2018-12-16,Vikings,Dolphins,
2018,15,2018-12-16,Rams,Eagles,
2018,15,2018-12-16,Bills,Lions,
2018,15,2018-12-16,Bears,Packers,
2018,15,2018-12-16,Steelers,Patriots,
2018,15,2018-12-16,Bengals,Raiders,
2018,15,2018-12-16,Jaguars,Redskins,
2018,15,2018-12-16,49ers,Seahawks,
2018,15,2018-12-16,Giants,Titans,
2018,15,2018-12-17,Panthers,Saints,
2018,16,2018-12-22,Chargers,Ravens,
2018,16,2018-12-22,Titans,Redskins,
2018,16,2018-12-23,49ers,Bears,
2018,16,2018-12-23,Browns,Bengals,
2018,16,2018-12-23,Patriots,Bills,
2018,16,2018-12-23,Cowboys,Buccaneers,
2018,16,2018-12-23,Seahawks,Chiefs,
2018,16,2018-12-23,Panthers,Falcons,
2018,16,2018-12-23,Colts,Giants,
2018,16,2018-12-23,Dolphins,Jaguars,
2018,16,2018-12-23,Jets,Packers,
2018,16,2018-12-23,Cardinals,Rams,
2018,16,2018-12-23,Saints,Steelers,
2018,16,2018-12-23,Eagles,Texans,
2018,16,2018-12-23,Lions,Vikings,
2018,16,2018-12-24,Raiders,Broncos,
2018,17,2018-12-30,Rams,49ers,
2018,17,2018-12-30,Vikings,Bears,
2018,17,2018-12-30,Steelers,Bengals,
2018,17,2018-12-30,Ravens,Browns,
2018,17,2018-12-30,Seahawks,Cardinals,
2018,17,2018-12-30,Broncos,Chargers,
2018,17,2018-12-30,Titans,Colts,
2018,17,2018-12-30,Giants,Cowboys,
2018,17,2018-12-30,Bills,Dolphins,
2018,17,2018-12-30,Redskins,Eagles,
2018,17,2018-12-30,Buccaneers,Falcons,
2018,17,2018-12-30,Texans,Jaguars,
2018,17,2018-12-30,Patriots,Jets,
2018,17,2018-12-30,Packers,Lions,
2018,17,2018-12-30,Saints,Panthers,
2018,17,2018-12-30,Chiefs,Raiders,
2018,19,2019-01-05,Texans,Colts,
2018,19,2019-01-05,Cowboys,Seahawks,
2018,19,2019-01-06,Ravens,Chargers,
2018,19,2019-01-06,Bears,Eagles,
2018,20,2019-01-12,Chiefs,Colts,
2018,20,2019-01-12,Rams,Cowboys,
2018,20,2019-01-13,Patriots,Chargers,
2018,20,2019-01-13,Saints,Eagles,
2018,21,2019-01-20,Chiefs,Patriots,
2018,21,2019-01-20,Saints,Rams,
2018,22,2019-02-03,Rams,Patriots,
2019,1,2019-09-05,Bears,Packers,
2019,1,2019-09-08,Buccaneers,49ers,
2019,1,2019-09-08,Seahawks,Bengals,
2019,1,2019-09-08,Jets,Bills,
2019,1,2019-09-08,Jaguars,Chiefs,
2019,1,2019-09-08,Chargers,Colts,
2019,1,2019-09-08,Vikings,Falcons,
2019,1,2019-09-08,Cowboys,Giants,
2019,1,2019-09-08,Cardinals,Lions,
2019,1,2019-09-08,Panthers,Rams,
2019,1,2019-09-08,Dolphins,Ravens,
2019,1,2019-09-08,Eagles,Redskins,
2019,1,2019-09-08,Patriots,Steelers,
2019,1,2019-09-08,Browns,Titans,
2019,1,2019-09-09,Raiders,Broncos,
2019,1,2019-09-09,Saints,Texans,
2019,2,2019-09-12,Panthers,Buccaneers,
2019,2,2019-09-15,Bengals,49ers,
2019,2,2019-09-15,Broncos,Bears,
2019,2,2019-09-15,Giants,Bills,
2019,2,2019-09-15,Ravens,Cardinals,
2019,2,2019-09-15,Lions,Chargers,
2019,2,2019-09-15,Raiders,Chiefs,
2019,2,2019-09-15,Titans,Colts,
2019,2,2019-09-15,Redskins,Cowboys,
2019,2,2019-09-15,Falcons,Eagles,
2019,2,2019-09-15,Texans,Jaguars,
2019,2,2019-09-15,Dolphins,Patriots,
2019,2,2019-09-15,Rams,Saints,
2019,2,2019-09-15,Steelers,Seahawks,
2019,2,2019-09-15,Packers,Vikings,
2019,2,2019-09-16,Jets,Browns,
2019,3,2019-09-19,Jaguars,Titans,
2019,3,2019-09-22,Bills,Bengals,
2019,3,2019-09-22,Packers,Broncos,
2019,3,2019-09-22,Cowboys,Dolphins,
2019,3,2019-09-22,Colts,Falcons,
2019,3,2019-09-22,Buccaneers,Giants,
2019,3,2019-09-22,Patriots,Jets,
2019,3,2019-09-22,Eagles,Lions,
2019,3,2019-09-22,Cardinals,Panthers,
2019,3,2019-09-22,Vikings,Raiders,
2019,3,2019-09-22,Browns,Rams,
2019,3,2019-09-22,Chiefs,Ravens,
2019,3,2019-09-22,Seahawks,Saints,
2019,3,2019-09-22,49ers,Steelers,
2019,3,2019-09-22,Chargers,Texans,
2019,3,2019-09-23,Redskins,Bears,
2019,4,2019-09-26,Packers,Eagles,
2019,4,2019-09-29,Ravens,Browns,
2019,4,2019-09-29,Rams,Buccaneers,
2019,4,2019-09-29,Dolphins,Chargers,
2019,4,2019-09-29,Lions,Chiefs,
2019,4,2019-09-29,Saints,Cowboys,
2019,4,2019-09-29,Broncos,Jaguars,
2019,4,2019-09-29,Texans,Panthers,
2019,4,2019-09-29,Bills,Patriots,
2019,4,2019-09-29,Colts,Raiders,
2019,4,2019-09-29,Giants,Redskins,
2019,4,2019-09-29,Cardinals,Seahawks,
2019,4,2019-09-29,Falcons,Titans,
2019,4,2019-09-29,Bears,Vikings,
2019,4,2019-09-30,Steelers,Bengals,
2019,5,2019-10-03,Seahawks,Rams,
2019,5,2019-10-06,Raiders,Bears,
2019,5,2019-10-06,Titans,Bills,
2019,5,2019-10-06,Chargers,Broncos,
2019,5,2019-10-06,Saints,Buccaneers,
2019,5,2019-10-06,Bengals,Cardinals,
2019,5,2019-10-06,Chiefs,Colts,
2019,5,2019-10-06,Texans,Falcons,
2019,5,2019-10-06,Panthers,Jaguars,
2019,5,2019-10-06,Eagles,Jets,
2019,5,2019-10-06,Cowboys,Packers,
2019,5,2019-10-06,Redskins,Patriots,
2019,5,2019-10-06,Steelers,Ravens,
2019,5,2019-10-06,Giants,Vikings,
2019,5,2019-10-07,49ers,Browns,
2019,6,2019-10-10,Patriots,Giants,
2019,6,2019-10-13,Rams,49ers,
2019,6,2019-10-13,Ravens,Bengals,
2019,6,2019-10-13,Jets,Cowboys,
2019,6,2019-10-13,Vikings,Eagles,
2019,6,2019-10-13,Cardinals,Falcons,
2019,6,2019-10-13,Buccaneers,Panthers,
2019,6,2019-10-13,Dolphins,Redskins,
2019,6,2019-10-13,Jaguars,Saints,
2019,6,2019-10-13,Browns,Seahawks,
2019,6,2019-10-13,Chargers,Steelers,
2019,6,2019-10-13,Chiefs,Texans,
2019,6,2019-10-13,Broncos,Titans,
2019,6,2019-10-14,Packers,Lions,
2019,7,2019-10-17,Broncos,Chiefs,
2019,7,2019-10-20,Redskins,49ers,
2019,7,2019-10-20,Giants,Cardinals,
2019,7,2019-10-20,Titans,Chargers,
2019,7,2019-10-20,Bills,Dolphins,
2019,7,2019-10-20,Cowboys,Eagles,
2019,7,2019-10-20,Bengals,Jaguars,
2019,7,2019-10-20,Packers,Raiders,
2019,7,2019-10-20,Falcons,Rams,
2019,7,2019-10-20,Seahawks,Ravens,
2019,7,2019-10-20,Bears,Saints,
2019,7,2019-10-20,Colts,Texans,
2019,7,2019-10-20,Lions,Vikings,
2019,7,2019-10-21,Jets,Patriots,
2019,8,2019-10-24,Vikings,Redskins,
2019,8,2019-10-27,Rams,Bengals,
2019,8,2019-10-27,Colts,Broncos,
2019,8,2019-10-27,Patriots,Browns,
2019,8,2019-10-27,Titans,Buccaneers,
2019,8,2019-10-27,Saints,Cardinals,
2019,8,2019-10-27,Bears,Chargers,
2019,8,2019-10-27,Bills,Eagles,
2019,8,2019-10-27,Lions,Giants,
2019,8,2019-10-27,Jaguars,Jets,
2019,8,2019-10-27,Chiefs,Packers,
2019,8,2019-10-27,49ers,Panthers,
2019,8,2019-10-27,Texans,Raiders,
2019,8,2019-10-27,Falcons,Seahawks,
2019,8,2019-10-28,Steelers,Dolphins,
2019,9,2019-10-31,Cardinals,49ers,
2019,9,2019-11-03,Eagles,Bears,
2019,9,2019-11-03,Broncos,Browns,
2019,9,2019-11-03,Seahawks,Buccaneers,
2019,9,2019-11-03,Steelers,Colts,
2019,9,2019-11-03,Dolphins,Jets,
2019,9,2019-11-03,Raiders,Lions,
2019,9,2019-11-03,Chargers,Packers,
2019,9,2019-11-03,Ravens,Patriots,
2019,9,2019-11-03,Bills,Redskins,
2019,9,2019-11-03,Jaguars,Texans,
2019,9,2019-11-03,Panthers,Titans,
2019,9,2019-11-03,Chiefs,Vikings,
2019,9,2019-11-04,Giants,Cowboys,
2019,10,2019-11-07,Raiders,Chargers,
2019,10,2019-11-10,Browns,Bills,
2019,10,2019-11-10,Buccaneers,Cardinals,
2019,10,2019-11-10,Titans,Chiefs,
2019,10,2019-11-10,Colts,Dolphins,
2019,10,2019-11-10,Saints,Falcons,
2019,10,2019-11-10,Jets,Giants,
2019,10,2019-11-10,Bears,Lions,
2019,10,2019-11-10,Packers,Panthers,
2019,10,2019-11-10,Steelers,Rams,
2019,10,2019-11-10,Bengals,Ravens,
2019,10,2019-11-10,Cowboys,Vikings,
2019,10,2019-11-11,49ers,Seahawks,
2019,11,2019-11-14,Browns,Steelers,
2019,11,2019-11-17,Rams,Bears,
2019,11,2019-11-17,Raiders,Bengals,
2019,11,2019-11-17,Dolphins,Bills,
2019,11,2019-11-17,Vikings,Broncos,
2019,11,2019-11-17,49ers,Cardinals,
2019,11,2019-11-17,Lions,Cowboys,
2019,11,2019-11-17,Panthers,Falcons,
2019,11,2019-11-17,Colts,Jaguars,
2019,11,2019-11-17,Redskins,Jets,
2019,11,2019-11-17,Eagles,Patriots,
2019,11,2019-11-17,Buccaneers,Saints,
2019,11,2019-11-17,Ravens,Texans,
2019,11,2019-11-18,Chargers,Chiefs,
2019,12,2019-11-21,Texans,Colts,
2019,12,2019-11-24,Bills,Broncos,
2019,12,2019-11-24,Falcons,Buccaneers,
2019,12,2019-11-24,Patriots,Cowboys,
2019,12,2019-11-24,Browns,Dolphins,
2019,12,2019-11-24,Bears,Giants,
2019,12,2019-11-24,Titans,Jaguars,
2019,12,2019-11-24,Redskins,Lions,
2019,12,2019-11-24,49ers,Packers,
2019,12,2019-11-24,Saints,Panthers,
2019,12,2019-11-24,Jets,Raiders,
2019,12,2019-11-24,Eagles,Seahawks,
2019,12,2019-11-24,Bengals,Steelers,
2019,12,2019-11-25,Rams,Ravens,
2019,13,2019-11-28,Lions,Bears,
2019,13,2019-11-28,Cowboys,Bills,
2019,13,2019-11-28,Falcons,Saints,
2019,13,2019-12-01,Ravens,49ers,
2019,13,2019-12-01,Steelers,Browns,
2019,13,2019-12-01,Jaguars,Buccaneers,
2019,13,2019-12-01,Broncos,Chargers,
2019,13,2019-12-01,Dolphins,Eagles,
2019,13,2019-12-01,Bengals,Jets,
2019,13,2019-12-01,Giants,Packers,
2019,13,2019-12-01,Texans,Patriots,
2019,13,2019-12-01,Chiefs,Raiders,
2019,13,2019-12-01,Cardinals,Rams,
2019,13,2019-12-01,Panthers,Redskins,
2019,13,2019-12-01,Colts,Titans,
2019,13,2019-12-02,Seahawks,Vikings,
2019,14,2019-12-05,Bears,Cowboys,
2019,14,2019-12-08,Saints,49ers,
2019,14,2019-12-08,Browns,Bengals,
2019,14,2019-12-08,Texans,Broncos,
2019,14,2019-12-08,Jaguars,Chargers,
2019,14,2019-12-08,Patriots,Chiefs,
2019,14,2019-12-08,Buccaneers,Colts,
2019,14,2019-12-08,Jets,Dolphins,
2019,14,2019-12-08,Vikings,Lions,
2019,14,2019-12-08,Falcons,Panthers,
2019,14,2019-12-08,Bills,Ravens,
2019,14,2019-12-08,Packers,Redskins,
2019,14,2019-12-08,Rams,Seahawks,
2019,14,2019-12-08,Cardinals,Steelers,
2019,14,2019-12-08,Raiders,Titans,
2019,14,2019-12-09,Eagles,Giants,
2019,15,2019-12-12,Ravens,Jets,
2019,15,2019-12-15,Packers,Bears,
2019,15,2019-12-15,Steelers,Bills,
2019,15,2019-12-15,Chiefs,Broncos,
2019,15,2019-12-15,Cardinals,Browns,
2019,15,2019-12-15,Lions,Buccaneers,
2019,15,2019-12-15,Giants,Dolphins,
2019,15,2019-12-15,Redskins,Eagles,
2019,15,2019-12-15,49ers,Falcons,
2019,15,2019-12-15,Raiders,Jaguars,
2019,15,2019-12-15,Bengals,Patriots,
2019,15,2019-12-15,Cowboys,Rams,
2019,15,2019-12-15,Panthers,Seahawks,
2019,15,2019-12-15,Titans,Texans,
2019,15,2019-12-15,Chargers,Vikings,
2019,15,2019-12-16,Saints,Colts,
2019,16,2019-12-21,Patriots,Bills,
2019,16,2019-12-21,49ers,Rams,
2019,16,2019-12-21,Buccaneers,Texans,
2019,16,2019-12-22,Dolphins,Bengals,
2019,16,2019-12-22,Seahawks,Cardinals,
2019,16,2019-12-22,Bears,Chiefs,
2019,16,2019-12-22,Eagles,Cowboys,
2019,16,2019-12-22,Redskins,Giants,
2019,16,2019-12-22,Falcons,Jaguars,
2019,16,2019-12-22,Broncos,Lions,
2019,16,2019-12-22,Colts,Panthers,
2019,16,2019-12-22,Chargers,Raiders,
2019,16,2019-12-22,Browns,Ravens,
2019,16,2019-12-22,Titans,Saints,
2019,16,2019-12-22,Jets,Steelers,
2019,16,2019-12-23,Vikings,Packers,
2019,17,2019-12-29,Seahawks,49ers,
2019,17,2019-12-29,Vikings,Bears,
2019,17,2019-12-29,Bengals,Browns,
2019,17,2019-12-29,Rams,Cardinals,
2019,17,2019-12-29,Chiefs,Chargers,
2019,17,2019-12-29,Jaguars,Colts,
2019,17,2019-12-29,Patriots,Dolphins,
2019,17,2019-12-29,Giants,Eagles,
2019,17,2019-12-29,Buccaneers,Falcons,
2019,17,2019-12-29,Bills,Jets,
2019,17,2019-12-29,Lions,Packers,
2019,17,2019-12-29,Broncos,Raiders,
2019,17,2019-12-29,Cowboys,Redskins,
2019,17,2019-12-29,Panthers,Saints,
2019,17,2019-12-29,Ravens,Steelers,
2019,17,2019-12-29,Texans,Titans,
2019,19,2020-01-04,Texans,Bills,
2019,19,2020-01-04,Patriots,Titans,
2019,19,2020-01-05,Eagles,Seahawks,
2019,19,2020-01-05,Saints,Vikings,
2019,20,2020-01-11,Ravens,Titans,
2019,20,2020-01-11,49ers,Vikings,
2019,20,2020-01-12,Packers,Seahawks,
2019,20,2020-01-12,Chiefs,Texans,
2019,21,2020-01-19,49ers,Packers,
2019,21,2020-01-19,Chiefs,Titans,
2019,22,2020-02-02,Chiefs,49ers,
2020,1,2020-09-10,Chiefs,Texans,
2020,1,2020-09-13,Lions,Bears,
2020,1,2020-09-13,Ravens,Browns,
2020,1,2020-09-13,Saints,Buccaneers,
2020,1,2020-09-13,49ers,Cardinals,
2020,1,2020-09-13,Bengals,Chargers,
2020,1,2020-09-13,Jaguars,Colts,
2020,1,2020-09-13,Rams,Cowboys,
2020,1,2020-09-13,Patriots,Dolphins,
2020,1,2020-09-13,Washington Commanders,Eagles,
2020,1,2020-09-13,Bills,Jets,
2020,1,2020-09-13,Vikings,Packers,
2020,1,2020-09-13,Panthers,Raiders,
2020,1,2020-09-13,Falcons,Seahawks,
2020,1,2020-09-14,Giants,Steelers,
2020,1,2020-09-14,Broncos,Titans,
2020,2,2020-09-17,Browns,Bengals,
2020,2,2020-09-20,Jets,49ers,
2020,2,2020-09-20,Dolphins,Bills,
2020,2,2020-09-20,Steelers,Broncos,
2020,2,2020-09-20,Chargers,Chiefs,
2020,2,2020-09-20,Cowboys,Falcons,
2020,2,2020-09-20,Cardinals,Washington Commanders,
2020,2,2020-09-20,Bears,Giants,
2020,2,2020-09-20,Titans,Jaguars,
2020,2,2020-09-20,Packers,Lions,
2020,2,2020-09-20,Buccaneers,Panthers,
2020,2,2020-09-20,Seahawks,Patriots,
2020,2,2020-09-20,Eagles,Rams,
2020,2,2020-09-20,Texans,Ravens,
2020,2,2020-09-20,Colts,Vikings,
2020,2,2020-09-21,Raiders,Saints,
2020,3,2020-09-24,Jaguars,Dolphins,
2020,3,2020-09-27,Giants,49ers,
2020,3,2020-09-27,Falcons,Bears,
2020,3,2020-09-27,Eagles,Bengals,
2020,3,2020-09-27,Broncos,Buccaneers,
2020,3,2020-09-27,Seahawks,Cowboys,
2020,3,2020-09-27,Browns,Washington Commanders,
2020,3,2020-09-27,Colts,Jets,
2020,3,2020-09-27,Cardinals,Lions,
2020,3,2020-09-27,Saints,Packers,
2020,3,2020-09-27,Chargers,Panthers,
2020,3,2020-09-27,Patriots,Raiders,
2020,3,2020-09-27,Bills,Rams,
2020,3,2020-09-27,Steelers,Texans,
2020,3,2020-09-27,Vikings,Titans,
2020,3,2020-09-28,Ravens,Chiefs,
2020,4,2020-10-01,Jets,Broncos,
2020,4,2020-10-04,Raiders,Bills,
2020,4,2020-10-04,Cowboys,Browns,
2020,4,2020-10-04,Panthers,Cardinals,
2020,4,2020-10-04,Buccaneers,Chargers,
2020,4,2020-10-04,Bears,Colts,
2020,4,2020-10-04,49ers,Eagles,
2020,4,2020-10-04,Rams,Giants,
2020,4,2020-10-04,Bengals,Jaguars,
2020,4,2020-10-04,Washington Commanders,Ravens,
2020,4,2020-10-04,Lions,Saints,
2020,4,2020-10-04,Dolphins,Seahawks,
2020,4,2020-10-04,Texans,Vikings,
2020,4,2020-10-05,Packers,Falcons,
2020,4,2020-10-05,Chiefs,Patriots,
2020,5,2020-10-08,Bears,Buccaneers,
2020,5,2020-10-11,Ravens,Bengals,
2020,5,2020-10-11,Jets,Cardinals,
2020,5,2020-10-11,Browns,Colts,
2020,5,2020-10-11,49ers,Dolphins,
2020,5,2020-10-11,Steelers,Eagles,
2020,5,2020-10-11,Cowboys,Giants,
2020,5,2020-10-11,Texans,Jaguars,
2020,5,2020-10-11,Falcons,Panthers,
2020,5,2020-10-11,Chiefs,Raiders,
2020,5,2020-10-11,Washington Commanders,Rams,
2020,5,2020-10-11,Seahawks,Vikings,
2020,5,2020-10-12,Saints,Chargers,
2020,5,2020-10-13,Titans,Bills,
2020,6,2020-10-18,Panthers,Bears,
2020,6,2020-10-18,Colts,Bengals,
2020,6,2020-10-18,Patriots,Broncos,
2020,6,2020-10-18,Steelers,Browns,
2020,6,2020-10-18,Vikings,Falcons,
2020,6,2020-10-18,Giants,Washington Commanders,
2020,6,2020-10-18,Dolphins,Jets,
2020,6,2020-10-18,Jaguars,Lions,
2020,6,2020-10-18,Buccaneers,Packers,
2020,6,2020-10-18,49ers,Rams,
2020,6,2020-10-18,Eagles,Ravens,
2020,6,2020-10-18,Titans,Texans,
2020,6,2020-10-19,Cowboys,Cardinals,
2020,6,2020-10-19,Bills,Chiefs,
2020,7,2020-10-22,Eagles,Giants,
2020,7,2020-10-25,Patriots,49ers,
2020,7,2020-10-25,Jets,Bills,
2020,7,2020-10-25,Bengals,Browns,
2020,7,2020-10-25,Raiders,Buccaneers,
2020,7,2020-10-25,Broncos,Chiefs,
2020,7,2020-10-25,Washington Commanders,Cowboys,
2020,7,2020-10-25,Chargers,Jaguars,
2020,7,2020-10-25,Falcons,Lions,
2020,7,2020-10-25,Texans,Packers,
2020,7,2020-10-25,Saints,Panthers,
2020,7,2020-10-25,Cardinals,Seahawks,
2020,7,2020-10-25,Titans,Steelers,
2020,7,2020-10-26,Rams,Bears,
2020,8,2020-10-29,Panthers,Falcons,
2020,8,2020-11-01,Seahawks,49ers,
2020,8,2020-11-01,Broncos,Chargers,
2020,8,2020-11-01,Lions,Colts,
2020,8,2020-11-01,Eagles,Cowboys,
2020,8,2020-11-01,Chiefs,Jets,
2020,8,2020-11-01,Bills,Patriots,
2020,8,2020-11-01,Browns,Raiders,
2020,8,2020-11-01,Dolphins,Rams,
2020,8,2020-11-01,Bears,Saints,
2020,8,2020-11-01,Ravens,Steelers,
2020,8,2020-11-01,Bengals,Titans,
2020,8,2020-11-01,Packers,Vikings,
2020,8,2020-11-02,Giants,Buccaneers,
2020,9,2020-11-05,49ers,Packers,
2020,9,2020-11-08,Titans,Bears,
2020,9,2020-11-08,Falcons,Broncos,
2020,9,2020-11-08,Cardinals,Dolphins,
2020,9,2020-11-08,Washington Commanders,Giants,
2020,9,2020-11-08,Vikings,Lions,
2020,9,2020-11-08,Chiefs,Panthers,
2020,9,2020-11-08,Chargers,Raiders,
2020,9,2020-11-08,Colts,Ravens,
2020,9,2020-11-08,Buccaneers,Saints,
2020,9,2020-11-08,Bills,Seahawks,
2020,9,2020-11-08,Cowboys,Steelers,
2020,9,2020-11-08,Jaguars,Texans,
2020,9,2020-11-09,Jets,Patriots,
2020,10,2020-11-12,Titans,Colts,
2020,10,2020-11-15,Saints,49ers,
2020,10,2020-11-15,Steelers,Bengals,
2020,10,2020-11-15,Cardinals,Bills,
2020,10,2020-11-15,Raiders,Broncos,
2020,10,2020-11-15,Panthers,Buccaneers,
2020,10,2020-11-15,Dolphins,Chargers,
2020,10,2020-11-15,Giants,Eagles,
2020,10,2020-11-15,Lions,Washington Commanders,
2020,10,2020-11-15,Packers,Jaguars,
2020,10,2020-11-15,Patriots,Ravens,
2020,10,2020-11-15,Rams,Seahawks,
2020,10,2020-11-15,Browns,Texans,
2020,10,2020-11-16,Bears,Vikings,
2020,11,2020-11-19,Seahawks,Cardinals,
2020,11,2020-11-22,Washington Commanders,Bengals,
2020,11,2020-11-22,Raiders,Chiefs,
2020,11,2020-11-22,Vikings,Cowboys,
2020,11,2020-11-22,Broncos,Dolphins,
2020,11,2020-11-22,Browns,Eagles,
2020,11,2020-11-22,Saints,Falcons,
2020,11,2020-11-22,Chargers,Jets,
2020,11,2020-11-22,Panthers,Lions,
2020,11,2020-11-22,Colts,Packers,
2020,11,2020-11-22,Texans,Patriots,
2020,11,2020-11-22,Jaguars,Steelers,
2020,11,2020-11-22,Ravens,Titans,
2020,11,2020-11-23,Buccaneers,Rams,
2020,12,2020-11-26,Cowboys,Washington Commanders,
2020,12,2020-11-26,Lions,Texans,
2020,12,2020-11-29,Rams,49ers,
2020,12,2020-11-29,Packers,Bears,
2020,12,2020-11-29,Jaguars,Browns,
2020,12,2020-11-29,Patriots,Cardinals,
2020,12,2020-11-29,Bills,Chargers,
2020,12,2020-11-29,Buccaneers,Chiefs,
2020,12,2020-11-29,Jets,Dolphins,
2020,12,2020-11-29,Bengals,Giants,
2020,12,2020-11-29,Vikings,Panthers,
2020,12,2020-11-29,Falcons,Raiders,
2020,12,2020-11-29,Broncos,Saints,
2020,12,2020-11-29,Colts,Titans,
2020,12,2020-11-30,Eagles,Seahawks,
2020,12,2020-12-02,Steelers,Ravens,
2020,13,2020-12-06,Dolphins,Bengals,
2020,13,2020-12-06,Chiefs,Broncos,
2020,13,2020-12-06,Titans,Browns,
2020,13,2020-12-06,Texans,Colts,
2020,13,2020-12-06,Packers,Eagles,
2020,13,2020-12-06,Seahawks,Giants,
2020,13,2020-12-06,Vikings,Jaguars,
2020,13,2020-12-06,Bears,Lions,
2020,13,2020-12-06,Chargers,Patriots,
2020,13,2020-12-06,Jets,Raiders,
2020,13,2020-12-06,Cardinals,Rams,
2020,13,2020-12-06,Falcons,Saints,
2020,13,2020-12-07,49ers,Bills,
2020,13,2020-12-07,Steelers,Washington Commanders,
2020,13,2020-12-08,Ravens,Cowboys,
2020,14,2020-12-10,Rams,Patriots,
2020,14,2020-12-13,Panthers,Broncos,
2020,14,2020-12-13,Giants,Cardinals,
2020,14,2020-12-13,Dolphins,Chiefs,
2020,14,2020-12-13,Raiders,Colts,
2020,14,2020-12-13,Bengals,Cowboys,
2020,14,2020-12-13,Chargers,Falcons,
2020,14,2020-12-13,49ers,Washington Commanders,
2020,14,2020-12-13,Seahawks,Jets,
2020,14,2020-12-13,Lions,Packers,
2020,14,2020-12-13,Eagles,Saints,
2020,14,2020-12-13,Bills,Steelers,
2020,14,2020-12-13,Bears,Texans,
2020,14,2020-12-13,Jaguars,Titans,
2020,14,2020-12-13,Buccaneers,Vikings,
2020,14,2020-12-14,Browns,Ravens,
2020,15,2020-12-17,Raiders,Chargers,
2020,15,2020-12-19,Broncos,Bills,
2020,15,2020-12-19,Packers,Panthers,
2020,15,2020-12-20,Cowboys,49ers,
2020,15,2020-12-20,Vikings,Bears,
2020,15,2020-12-20,Giants,Browns,
2020,15,2020-12-20,Falcons,Buccaneers,
2020,15,2020-12-20,Saints,Chiefs,
2020,15,2020-12-20,Cardinals,Eagles,
2020,15,2020-12-20,Ravens,Jaguars,
2020,15,2020-12-20,Rams,Jets,
2020,15,2020-12-20,Titans,Lions,
2020,15,2020-12-20,Dolphins,Patriots,
2020,15,2020-12-20,Washington Commanders,Seahawks,
2020,15,2020-12-20,Colts,Texans,
2020,15,2020-12-21,Bengals,Steelers,
2020,16,2020-12-25,Saints,Vikings,
2020,16,2020-12-26,Cardinals,49ers,
2020,16,2020-12-26,Lions,Buccaneers,
2020,16,2020-12-26,Raiders,Dolphins,
2020,16,2020-12-27,Jaguars,Bears,
2020,16,2020-12-27,Texans,Bengals,
2020,16,2020-12-27,Chargers,Broncos,
2020,16,2020-12-27,Jets,Browns,
2020,16,2020-12-27,Steelers,Colts,
2020,16,2020-12-27,Cowboys,Eagles,
2020,16,2020-12-27,Chiefs,Falcons,
2020,16,2020-12-27,Ravens,Giants,
2020,16,2020-12-27,Washington Commanders,Panthers,
2020,16,2020-12-27,Seahawks,Rams,
2020,16,2020-12-27,Packers,Titans,
2020,16,2020-12-28,Patriots,Bills,
2020,17,2021-01-03,Rams,Cardinals,
2020,17,2021-01-03,Chiefs,Chargers,
2020,17,2021-01-03,Giants,Cowboys,
2020,17,2021-01-03,Bills,Dolphins,
2020,17,2021-01-03,Buccaneers,Falcons,
2020,17,2021-01-03,Eagles,Washington Commanders,
2020,17,2021-01-03,Colts,Jaguars,
2020,17,2021-01-03,Patriots,Jets,
2020,17,2021-01-03,Bears,Packers,
2020,17,2021-01-03,Broncos,Raiders,
2020,17,2021-01-03,Bengals,Ravens,
2020,17,2021-01-03,Panthers,Saints,
2020,17,2021-01-03,49ers,Seahawks,
2020,17,2021-01-03,Browns,Steelers,
2020,17,2021-01-03,Texans,Titans,
2020,17,2021-01-03,Lions,Vikings,
2020,19,2021-01-09,Washington Commanders,Buccaneers,
2020,19,2021-01-09,Bills,Colts,
2020,19,2021-01-09,Seahawks,Rams,
2020,19,2021-01-10,Saints,Bears,
2020,19,2021-01-10,Steelers,Browns,
2020,19,2021-01-10,Titans,Ravens,
2020,20,2021-01-16,Packers,Rams,
2020,20,2021-01-16,Bills,Ravens,
2020,20,2021-01-17,Chiefs,Browns,
2020,20,2021-01-17,Saints,Buccaneers,
2020,21,2021-01-24,Chiefs,Bills,
2020,21,2021-01-24,Packers,Buccaneers,
2020,22,2021-02-07,Buccaneers,Chiefs,
2021,1,2021-09-09,Buccaneers,Cowboys,
2021,1,2021-09-12,Lions,49ers,
2021,1,2021-09-12,Rams,Bears,
2021,1,2021-09-12,Giants,Broncos,
2021,1,2021-09-12,Chiefs,Browns,
2021,1,2021-09-12,Titans,Cardinals,
2021,1,2021-09-12,Washington Commanders,Chargers,
2021,1,2021-09-12,Patriots,Dolphins,
2021,1,2021-09-12,Falcons,Eagles,
2021,1,2021-09-12,Texans,Jaguars,
2021,1,2021-09-12,Panthers,Jets,
2021,1,2021-09-12,Saints,Packers,
2021,1,2021-09-12,Colts,Seahawks,
2021,1,2021-09-12,Bills,Steelers,
2021,1,2021-09-12,Bengals,Vikings,
2021,1,2021-09-13,Raiders,Ravens,
2021,2,2021-09-16,Washington Commanders,Giants,
2021,2,2021-09-19,Eagles,49ers,
2021,2,2021-09-19,Bears,Bengals,
2021,2,2021-09-19,Dolphins,Bills,
2021,2,2021-09-19,Jaguars,Broncos,
2021,2,2021-09-19,Ravens,Chiefs,
2021,2,2021-09-19,Chargers,Cowboys,
2021,2,2021-09-19,Buccaneers,Falcons,
2021,2,2021-09-19,Jets,Patriots,
2021,2,2021-09-19,Steelers,Raiders,
2021,2,2021-09-19,Colts,Rams,
2021,2,2021-09-19,Panthers,Saints,
2021,2,2021-09-19,Browns,Texans,
2021,2,2021-09-19,Seahawks,Titans,
2021,2,2021-09-19,Cardinals,Vikings,
2021,2,2021-09-20,Packers,Lions,
2021,3,2021-09-23,Texans,Panthers,
2021,3,2021-09-26,Browns,Bears,
2021,3,2021-09-26,Steelers,Bengals,
2021,3,2021-09-26,Rams,Buccaneers,
2021,3,2021-09-26,Jaguars,Cardinals,
2021,3,2021-09-26,Chiefs,Chargers,
2021,3,2021-09-26,Titans,Colts,
2021,3,2021-09-26,Raiders,Dolphins,
2021,3,2021-09-26,Giants,Falcons,
2021,3,2021-09-26,Bills,Washington Commanders,
2021,3,2021-09-26,Broncos,Jets,
2021,3,2021-09-26,49ers,Packers,
2021,3,2021-09-26,Lions,Ravens,
2021,3,2021-09-26,Patriots,Saints,
2021,3,2021-09-26,Vikings,Seahawks,
2021,3,2021-09-27,Cowboys,Eagles,
2021,4,2021-09-30,Bengals,Jaguars,
2021,4,2021-10-03,Vikings,Browns,
2021,4,2021-10-03,Patriots,Buccaneers,
2021,4,2021-10-03,Rams,Cardinals,
2021,4,2021-10-03,Eagles,Chiefs,
2021,4,2021-10-03,Dolphins,Colts,
2021,4,2021-10-03,Falcons,Washington Commanders,
2021,4,2021-10-03,Saints,Giants,
2021,4,2021-10-03,Bears,Lions,
2021,4,2021-10-03,Cowboys,Panthers,
2021,4,2021-10-03,Broncos,Ravens,
2021,4,2021-10-03,49ers,Seahawks,
2021,4,2021-10-03,Packers,Steelers,
2021,4,2021-10-03,Bills,Texans,
2021,4,2021-10-03,Jets,Titans,
2021,4,2021-10-04,Chargers,Raiders,
2021,5,2021-10-07,Seahawks,Rams,
2021,5,2021-10-10,Cardinals,49ers,
2021,5,2021-10-10,Raiders,Bears,
2021,5,2021-10-10,Chiefs,Bills,
2021,5,2021-10-10,Steelers,Broncos,
2021,5,2021-10-10,Chargers,Browns,
2021,5,2021-10-10,Buccaneers,Dolphins,
2021,5,2021-10-10,Panthers,Eagles,
2021,5,2021-10-10,Cowboys,Giants,
2021,5,2021-10-10,Falcons,Jets,
2021,5,2021-10-10,Vikings,Lions,
2021,5,2021-10-10,Bengals,Packers,
2021,5,2021-10-10,Texans,Patriots,
2021,5,2021-10-10,Washington Commanders,Saints,
2021,5,2021-10-10,Jaguars,Titans,
2021,5,2021-10-11,Ravens,Colts,
2021,6,2021-10-14,Eagles,Buccaneers,
2021,6,2021-10-17,Lions,Bengals,
2021,6,2021-10-17,Browns,Cardinals,
2021,6,2021-10-17,Ravens,Chargers,
2021,6,2021-10-17,Washington Commanders,Chiefs,
2021,6,2021-10-17,Patriots,Cowboys,
2021,6,2021-10-17,Jaguars,Dolphins,
2021,6,2021-10-17,Bears,Packers,
2021,6,2021-10-17,Broncos,Raiders,
2021,6,2021-10-17,Giants,Rams,
2021,6,2021-10-17,Steelers,Seahawks,
2021,6,2021-10-17,Colts,Texans,
2021,6,2021-10-17,Panthers,Vikings,
2021,6,2021-10-18,Titans,Bills,
2021,7,2021-10-21,Browns,Broncos,
2021,7,2021-10-24,Buccaneers,Bears,
2021,7,2021-10-24,Ravens,Bengals,
2021,7,2021-10-24,Titans,Chiefs,
2021,7,2021-10-24,49ers,Colts,
2021,7,2021-10-24,Raiders,Eagles,
2021,7,2021-10-24,Dolphins,Falcons,
2021,7,2021-10-24,Packers,Washington Commanders,
2021,7,2021-10-24,Patriots,Jets,
2021,7,2021-10-24,Rams,Lions,
2021,7,2021-10-24,Giants,Panthers,
2021,7,2021-10-24,Cardinals,Texans,
2021,7,2021-10-25,Seahawks,Saints,
2021,8,2021-10-28,Cardinals,Packers,
2021,8,2021-10-31,Bears,49ers,
2021,8,2021-10-31,Jets,Bengals,
2021,8,2021-10-31,Saints,Buccaneers,
2021,8,2021-10-31,Vikings,Cowboys,
2021,8,2021-10-31,Bills,Dolphins,
2021,8,2021-10-31,Lions,Eagles,
2021,8,2021-10-31,Broncos,Washington Commanders,
2021,8,2021-10-31,Seahawks,Jaguars,
2021,8,2021-10-31,Falcons,Panthers,
2021,8,2021-10-31,Chargers,Patriots,
2021,8,2021-10-31,Texans,Rams,
2021,8,2021-10-31,Browns,Steelers,
2021,8,2021-10-31,Colts,Titans,
2021,8,2021-11-01,Chiefs,Giants,
2021,9,2021-11-04,Colts,Jets,
2021,9,2021-11-07,Jaguars,Bills,
2021,9,2021-11-07,Cowboys,Broncos,
2021,9,2021-11-07,Bengals,Browns,
2021,9,2021-11-07,49ers,Cardinals,
2021,9,2021-11-07,Eagles,Chargers,
2021,9,2021-11-07,Saints,Falcons,
2021,9,2021-11-07,Chiefs,Packers,
2021,9,2021-11-07,Panthers,Patriots,
2021,9,2021-11-07,Giants,Raiders,
2021,9,2021-11-07,Dolphins,Texans,
2021,9,2021-11-07,Rams,Titans,
2021,9,2021-11-07,Ravens,Vikings,
2021,9,2021-11-08,Steelers,Bears,
2021,10,2021-11-11,Dolphins,Ravens,
2021,10,2021-11-14,Jets,Bills,
2021,10,2021-11-14,Patriots,Browns,
2021,10,2021-11-14,Washington Commanders,Buccaneers,
2021,10,2021-11-14,Raiders,Chiefs,
2021,10,2021-11-14,Broncos,Eagles,
2021,10,2021-11-14,Cowboys,Falcons,
2021,10,2021-11-14,Colts,Jaguars,
2021,10,2021-11-14,Steelers,Lions,
2021,10,2021-11-14,Cardinals,Panthers,
2021,10,2021-11-14,Titans,Saints,
2021,10,2021-11-14,Packers,Seahawks,
2021,10,2021-11-14,Chargers,Vikings,
2021,10,2021-11-15,49ers,Rams,
2021,11,2021-11-18,Falcons,Patriots,
2021,11,2021-11-21,Jaguars,49ers,
2021,11,2021-11-21,Raiders,Bengals,
2021,11,2021-11-21,Seahawks,Cardinals,
2021,11,2021-11-21,Bills,Colts,
2021,11,2021-11-21,Chiefs,Cowboys,
2021,11,2021-11-21,Jets,Dolphins,
2021,11,2021-11-21,Panthers,Washington Commanders,
2021,11,2021-11-21,Browns,Lions,
2021,11,2021-11-21,Vikings,Packers,
2021,11,2021-11-21,Bears,Ravens,
2021,11,2021-11-21,Eagles,Saints,
2021,11,2021-11-21,Chargers,Steelers,
2021,11,2021-11-21,Titans,Texans,
2021,11,2021-11-22,Buccaneers,Giants,
2021,12,2021-11-25,Lions,Bears,
2021,12,2021-11-25,Saints,Bills,
2021,12,2021-11-25,Cowboys,Raiders,
2021,12,2021-11-28,Ravens,Browns,
2021,12,2021-11-28,Colts,Buccaneers,
2021,12,2021-11-28,Broncos,Chargers,
2021,12,2021-11-28,Giants,Eagles,
2021,12,2021-11-28,Jaguars,Falcons,
2021,12,2021-11-28,Texans,Jets,
2021,12,2021-11-28,Dolphins,Panthers,
2021,12,2021-11-28,Packers,Rams,
2021,12,2021-11-28,Bengals,Steelers,
2021,12,2021-11-28,Patriots,Titans,
2021,12,2021-11-28,49ers,Vikings,
2021,12,2021-11-29,Washington Commanders,Seahawks,
2021,13,2021-12-02,Saints,Cowboys,
2021,13,2021-12-05,Seahawks,49ers,
2021,13,2021-12-05,Chiefs,Broncos,
2021,13,2021-12-05,Falcons,Buccaneers,
2021,13,2021-12-05,Bears,Cardinals,
2021,13,2021-12-05,Bengals,Chargers,
2021,13,2021-12-05,Texans,Colts,
2021,13,2021-12-05,Jets,Eagles,
2021,13,2021-12-05,Raiders,Washington Commanders,
2021,13,2021-12-05,Dolphins,Giants,
2021,13,2021-12-05,Rams,Jaguars,
2021,13,2021-12-05,Steelers,Ravens,
2021,13,2021-12-05,Lions,Vikings,
2021,13,2021-12-06,Bills,Patriots,
2021,14,2021-12-09,Vikings,Steelers,
2021,14,2021-12-12,Bengals,49ers,
2021,14,2021-12-12,Packers,Bears,
2021,14,2021-12-12,Buccaneers,Bills,
2021,14,2021-12-12,Washington Commanders,Cowboys,
2021,14,2021-12-12,Panthers,Falcons,
2021,14,2021-12-12,Chargers,Giants,
2021,14,2021-12-12,Titans,Jaguars,
2021,14,2021-12-12,Broncos,Lions,
2021,14,2021-12-12,Chiefs,Raiders,
2021,14,2021-12-12,Browns,Ravens,
2021,14,2021-12-12,Jets,Saints,
2021,14,2021-12-12,Texans,Seahawks,
2021,14,2021-12-13,Cardinals,Rams,
2021,15,2021-12-16,Chargers,Chiefs,
2021,15,2021-12-18,Colts,Patriots,
2021,15,2021-12-19,Broncos,Bengals,
2021,15,2021-12-19,Lions,Cardinals,
2021,15,2021-12-19,Giants,Cowboys,
2021,15,2021-12-19,49ers,Falcons,
2021,15,2021-12-19,Dolphins,Jets,
2021,15,2021-12-19,Ravens,Packers,
2021,15,2021-12-19,Bills,Panthers,
2021,15,2021-12-19,Buccaneers,Saints,
2021,15,2021-12-19,Jaguars,Texans,
2021,15,2021-12-19,Steelers,Titans,
2021,15,2021-12-20,Browns,Raiders,
2021,15,2021-12-20,Bears,Vikings,
2021,15,2021-12-21,Eagles,Washington Commanders,
2021,15,2021-12-21,Rams,Seahawks,
2021,16,2021-12-23,Titans,49ers,
2021,16,2021-12-25,Packers,Browns,
2021,16,2021-12-25,Cardinals,Colts,
2021,16,2021-12-26,Seahawks,Bears,
2021,16,2021-12-26,Patriots,Bills,
2021,16,2021-12-26,Raiders,Broncos,
2021,16,2021-12-26,Panthers,Buccaneers,
2021,16,2021-12-26,Texans,Chargers,
2021,16,2021-12-26,Cowboys,Washington Commanders,
2021,16,2021-12-26,Eagles,Giants,
2021,16,2021-12-26,Jets,Jaguars,
2021,16,2021-12-26,Falcons,Lions,
2021,16,2021-12-26,Vikings,Rams,
2021,16,2021-12-26,Bengals,Ravens,
2021,16,2021-12-26,Chiefs,Steelers,
2021,16,2021-12-27,Saints,Dolphins,
2021,17,2022-01-02,Chargers,Broncos,
2021,17,2022-01-02,Jets,Buccaneers,
2021,17,2022-01-02,Cowboys,Cardinals,
2021,17,2022-01-02,Bengals,Chiefs,
2021,17,2022-01-02,Titans,Dolphins,
2021,17,2022-01-02,Washington Commanders,Eagles,
2021,17,2022-01-02,Bills,Falcons,
2021,17,2022-01-02,Bears,Giants,
2021,17,2022-01-02,Patriots,Jaguars,
2021,17,2022-01-02,Seahawks,Lions,
2021,17,2022-01-02,Saints,Panthers,
2021,17,2022-01-02,Colts,Raiders,
2021,17,2022-01-02,Ravens,Rams,
2021,17,2022-01-02,49ers,Texans,
2021,17,2022-01-02,Packers,Vikings,
2021,17,2022-01-03,Steelers,Browns,
2021,18,2022-01-08,Broncos,Chiefs,
2021,18,2022-01-08,Eagles,Cowboys,
2021,18,2022-01-09,Rams,49ers,
2021,18,2022-01-09,Vikings,Bears,
2021,18,2022-01-09,Browns,Bengals,
2021,18,2022-01-09,Raiders,Chargers,
2021,18,2022-01-09,Jaguars,Colts,
2021,18,2022-01-09,Giants,Washington Commanders,
2021,18,2022-01-09,Bills,Jets,
2021,18,2022-01-09,Lions,Packers,
2021,18,2022-01-09,Buccaneers,Panthers,
2021,18,2022-01-09,Dolphins,Patriots,
2021,18,2022-01-09,Falcons,Saints,
2021,18,2022-01-09,Cardinals,Seahawks,
2021,18,2022-01-09,Ravens,Steelers,
2021,18,2022-01-09,Texans,Titans,
2021,19,2022-01-15,Bills,Patriots,
2021,19,2022-01-15,Bengals,Raiders,
2021,19,2022-01-16,Cowboys,49ers,
2021,19,2022-01-16,Buccaneers,Eagles,
2021,19,2022-01-16,Chiefs,Steelers,
2021,19,2022-01-17,Rams,Cardinals,
2021,20,2022-01-22,Packers,49ers,
2021,20,2022-01-22,Titans,Bengals,
2021,20,2022-01-23,Chiefs,Bills,
2021,20,2022-01-23,Buccaneers,Rams,
2021,21,2022-01-30,Rams,49ers,
2021,21,2022-01-30,Chiefs,Bengals,
2021,22,2022-02-13,Bengals,Rams,
2022,1,2022-09-08,Rams,Bills,
2022,1,2022-09-11,Bears,49ers,
2022,1,2022-09-11,Panthers,Browns,
2022,1,2022-09-11,Cowboys,Buccaneers,
2022,1,2022-09-11,Cardinals,Chiefs,
2022,1,2022-09-11,Texans,Colts,
2022,1,2022-09-11,Lions,Eagles,
2022,1,2022-09-11,Titans,Giants,
2022,1,2022-09-11,Commanders,Jaguars,
2022,1,2022-09-11,Vikings,Packers,
2022,1,2022-09-11,Dolphins,Patriots,
2022,1,2022-09-11,Chargers,Raiders,
2022,1,2022-09-11,Jets,Ravens,
2022,1,2022-09-11,Falcons,Saints,
2022,1,2022-09-11,Bengals,Steelers,
2022,1,2022-09-12,Seahawks,Broncos,
2022,2,2022-09-15,Chiefs,Chargers,
2022,2,2022-09-18,Packers,Bears,
2022,2,2022-09-18,Cowboys,Bengals,
2022,2,2022-09-18,Saints,Buccaneers,
2022,2,2022-09-18,Raiders,Cardinals,
2022,2,2022-09-18,Jaguars,Colts,
2022,2,2022-09-18,Lions,Commanders,
2022,2,2022-09-18,Ravens,Dolphins,
2022,2,2022-09-18,Rams,Falcons,
2022,2,2022-09-18,Browns,Jets,
2022,2,2022-09-18,Giants,Panthers,
2022,2,2022-09-18,Steelers,Patriots,
2022,2,2022-09-18,49ers,Seahawks,
2022,2,2022-09-18,Broncos,Texans,
2022,2,2022-09-19,Bills,Titans,
2022,2,2022-09-19,Eagles,Vikings,
2022,3,2022-09-22,Browns,Steelers,
2022,3,2022-09-25,Broncos,49ers,
2022,3,2022-09-25,Jets,Bengals,
2022,3,2022-09-25,Dolphins,Bills,
2022,3,2022-09-25,Colts,Chiefs,
2022,3,2022-09-25,Commanders,Eagles,
2022,3,2022-09-25,Seahawks,Falcons,
2022,3,2022-09-25,Chargers,Jaguars,
2022,3,2022-09-25,Vikings,Lions,
2022,3,2022-09-25,Buccaneers,Packers,
2022,3,2022-09-25,Titans,Raiders,
2022,3,2022-09-25,Cardinals,Rams,
2022,3,2022-09-25,Patriots,Ravens,
2022,3,2022-09-25,Panthers,Saints,
2022,3,2022-09-25,Bears,Texans,
2022,3,2022-09-26,Giants,Cowboys,
2022,4,2022-09-29,Bengals,Dolphins,
2022,4,2022-10-02,Giants,Bears,
2022,4,2022-10-02,Ravens,Bills,
2022,4,2022-10-02,Raiders,Broncos,
2022,4,2022-10-02,Falcons,Browns,
2022,4,2022-10-02,Panthers,Cardinals,
2022,4,2022-10-02,Texans,Chargers,
2022,4,2022-10-02,Buccaneers,Chiefs,
2022,4,2022-10-02,Cowboys,Commanders,
2022,4,2022-10-02,Eagles,Jaguars,
2022,4,2022-10-02,Steelers,Jets,
2022,4,2022-10-02,Packers,Patriots,
2022,4,2022-10-02,Lions,Seahawks,
2022,4,2022-10-02,Colts,Titans,
2022,4,2022-10-02,Saints,Vikings,
2022,4,2022-10-03,49ers,Rams,
2022,5,2022-10-06,Broncos,Colts,
2022,5,2022-10-09,Panthers,49ers,
2022,5,2022-10-09,Vikings,Bears,
2022,5,2022-10-09,Ravens,Bengals,
2022,5,2022-10-09,Browns,Chargers,
2022,5,2022-10-09,Rams,Cowboys,
2022,5,2022-10-09,Jets,Dolphins,
2022,5,2022-10-09,Cardinals,Eagles,
2022,5,2022-10-09,Buccaneers,Falcons,
2022,5,2022-10-09,Packers,Giants,
2022,5,2022-10-09,Patriots,Lions,
2022,5,2022-10-09,Saints,Seahawks,
2022,5,2022-10-09,Bills,Steelers,
2022,5,2022-10-09,Jaguars,Texans,
2022,5,2022-10-09,Commanders,Titans,
2022,5,2022-10-10,Chiefs,Raiders,
2022,6,2022-10-13,Bears,Commanders,
2022,6,2022-10-16,Falcons,49ers,
2022,6,2022-10-16,Saints,Bengals,
2022,6,2022-10-16,Chiefs,Bills,
2022,6,2022-10-16,Steelers,Buccaneers,
2022,6,2022-10-16,Seahawks,Cardinals,
2022,6,2022-10-16,Eagles,Cowboys,
2022,6,2022-10-16,Colts,Jaguars,
2022,6,2022-10-16,Packers,Jets,
2022,6,2022-10-16,Rams,Panthers,
2022,6,2022-10-16,Browns,Patriots,
2022,6,2022-10-16,Giants,Ravens,
2022,6,2022-10-16,Dolphins,Vikings,
2022,6,2022-10-17,Chargers,Broncos,
2022,7,2022-10-20,Cardinals,Saints,
2022,7,2022-10-23,Ravens,Browns,
2022,7,2022-10-23,Panthers,Buccaneers,
2022,7,2022-10-23,49ers,Chiefs,
2022,7,2022-10-23,Titans,Colts,
2022,7,2022-10-23,Bengals,Falcons,
2022,7,2022-10-23,Jaguars,Giants,
2022,7,2022-10-23,Broncos,Jets,
2022,7,2022-10-23,Cowboys,Lions,
2022,7,2022-10-23,Commanders,Packers,
2022,7,2022-10-23,Chargers,Seahawks,
2022,7,2022-10-23,Dolphins,Steelers,
2022,7,2022-10-23,Raiders,Texans,
2022,7,2022-10-24,Patriots,Bears,
2022,8,2022-10-27,Buccaneers,Ravens,
2022,8,2022-10-30,Rams,49ers,
2022,8,2022-10-30,Cowboys,Bears,
2022,8,2022-10-30,Jaguars,Broncos,
2022,8,2022-10-30,Vikings,Cardinals,
2022,8,2022-10-30,Colts,Commanders,
2022,8,2022-10-30,Lions,Dolphins,
2022,8,2022-10-30,Seahawks,Giants,
2022,8,2022-10-30,Bills,Packers,
2022,8,2022-10-30,Falcons,Panthers,
2022,8,2022-10-30,Jets,Patriots,
2022,8,2022-10-30,Saints,Raiders,
2022,8,2022-10-30,Eagles,Steelers,
2022,8,2022-10-30,Texans,Titans,
2022,8,2022-10-31,Browns,Bengals,
2022,9,2022-11-03,Texans,Eagles,
2022,9,2022-11-06,Jets,Bills,
2022,9,2022-11-06,Falcons,Chargers,
2022,9,2022-11-06,Patriots,Colts,
2022,9,2022-11-06,Bears,Dolphins,
2022,9,2022-11-06,Lions,Packers,
2022,9,2022-11-06,Bengals,Panthers,
2022,9,2022-11-06,Jaguars,Raiders,
2022,9,2022-11-06,Buccaneers,Rams,
2022,9,2022-11-06,Cardinals,Seahawks,
2022,9,2022-11-06,Chiefs,Titans,
2022,9,2022-11-06,Commanders,Vikings,
2022,9,2022-11-07,Saints,Ravens,
2022,10,2022-11-10,Panthers,Falcons,
2022,10,2022-11-13,Titans,Broncos,
2022,10,2022-11-13,Dolphins,Browns,
2022,10,2022-11-13,Rams,Cardinals,
2022,10,2022-11-13,49ers,Chargers,
2022,10,2022-11-13,Raiders,Colts,
2022,10,2022-11-13,Packers,Cowboys,
2022,10,2022-11-13,Chiefs,Jaguars,
2022,10,2022-11-13,Bears,Lions,
2022,10,2022-11-13,Steelers,Saints,
2022,10,2022-11-13,Buccaneers,Seahawks,
2022,10,2022-11-13,Giants,Texans,
2022,10,2022-11-13,Bills,Vikings,
2022,10,2022-11-14,Eagles,Commanders,
2022,11,2022-11-17,Packers,Titans,
2022,11,2022-11-20,Falcons,Bears,
2022,11,2022-11-20,Steelers,Bengals,
2022,11,2022-11-20,Bills,Browns,
2022,11,2022-11-20,Chargers,Chiefs,
2022,11,2022-11-20,Texans,Commanders,
2022,11,2022-11-20,Vikings,Cowboys,
2022,11,2022-11-20,Colts,Eagles,
2022,11,2022-11-20,Patriots,Jets,
2022,11,2022-11-20,Giants,Lions,
2022,11,2022-11-20,Ravens,Panthers,
2022,11,2022-11-20,Broncos,Raiders,
2022,11,2022-11-20,Saints,Rams,
2022,11,2022-11-21,Cardinals,49ers,
2022,12,2022-11-24,Lions,Bills,
2022,12,2022-11-24,Cowboys,Giants,
2022,12,2022-11-24,Vikings,Patriots,
2022,12,2022-11-27,Jets,Bears,
2022,12,2022-11-27,Titans,Bengals,
2022,12,2022-11-27,Panthers,Broncos,
2022,12,2022-11-27,Browns,Buccaneers,
2022,12,2022-11-27,Cardinals,Chargers,
2022,12,2022-11-27,Commanders,Falcons,
2022,12,2022-11-27,Eagles,Packers,
2022,12,2022-11-27,Seahawks,Raiders,
2022,12,2022-11-27,Chiefs,Rams,
2022,12,2022-11-27,Jaguars,Ravens,
2022,12,2022-11-27,49ers,Saints,
2022,12,2022-11-27,Dolphins,Texans,
2022,12,2022-11-28,Colts,Steelers,
2022,13,2022-12-01,Patriots,Bills,
2022,13,2022-12-04,Ravens,Broncos,
2022,13,2022-12-04,Texans,Browns,
2022,13,2022-12-04,Raiders,Chargers,
2022,13,2022-12-04,Bengals,Chiefs,
2022,13,2022-12-04,Cowboys,Colts,
2022,13,2022-12-04,Giants,Commanders,
2022,13,2022-12-04,49ers,Dolphins,
2022,13,2022-12-04,Lions,Jaguars,
2022,13,2022-12-04,Vikings,Jets,
2022,13,2022-12-04,Bears,Packers,
2022,13,2022-12-04,Rams,Seahawks,
2022,13,2022-12-04,Falcons,Steelers,
2022,13,2022-12-04,Eagles,Titans,
2022,13,2022-12-05,Buccaneers,Saints,
2022,14,2022-12-08,Rams,Raiders,
2022,14,2022-12-11,Bengals,Browns,
2022,14,2022-12-11,49ers,Buccaneers,
2022,14,2022-12-11,Broncos,Chiefs,
2022,14,2022-12-11,Chargers,Dolphins,
2022,14,2022-12-11,Giants,Eagles,
2022,14,2022-12-11,Titans,Jaguars,
2022,14,2022-12-11,Bills,Jets,
2022,14,2022-12-11,Seahawks,Panthers,
2022,14,2022-12-11,Steelers,Ravens,
2022,14,2022-12-11,Cowboys,Texans,
2022,14,2022-12-11,Lions,Vikings,
2022,14,2022-12-12,Cardinals,Patriots,
2022,15,2022-12-15,Seahawks,49ers,
2022,15,2022-12-17,Vikings,Colts,
2022,15,2022-12-17,Bills,Dolphins,
2022,15,2022-12-17,Browns,Ravens,
2022,15,2022-12-18,Buccaneers,Bengals,
2022,15,2022-12-18,Broncos,Cardinals,
2022,15,2022-12-18,Texans,Chiefs,
2022,15,2022-12-18,Jaguars,Cowboys,
2022,15,2022-12-18,Bears,Eagles,
2022,15,2022-12-18,Saints,Falcons,
2022,15,2022-12-18,Commanders,Giants,
2022,15,2022-12-18,Jets,Lions,
2022,15,2022-12-18,Raiders,Patriots,
2022,15,2022-12-18,Panthers,Steelers,
2022,15,2022-12-18,Chargers,Titans,
2022,15,2022-12-19,Packers,Rams,
2022,16,2022-12-22,Jets,Jaguars,
2022,16,2022-12-24,Patriots,Bengals,
2022,16,2022-12-24,Bears,Bills,
2022,16,2022-12-24,49ers,Commanders,
2022,16,2022-12-24,Cowboys,Eagles,
2022,16,2022-12-24,Ravens,Falcons,
2022,16,2022-12-24,Vikings,Giants,
2022,16,2022-12-24,Panthers,Lions,
2022,16,2022-12-24,Steelers,Raiders,
2022,16,2022-12-24,Browns,Saints,
2022,16,2022-12-24,Chiefs,Seahawks,
2022,16,2022-12-24,Titans,Texans,
2022,16,2022-12-25,Rams,Broncos,
2022,16,2022-12-25,Cardinals,Buccaneers,
2022,16,2022-12-25,Dolphins,Packers,
2022,16,2022-12-26,Colts,Chargers,
2022,17,2022-12-29,Titans,Cowboys,
2022,17,2023-01-01,Raiders,49ers,
2022,17,2023-01-01,Lions,Bears,
2022,17,2023-01-01,Chiefs,Broncos,
2022,17,2023-01-01,Commanders,Browns,
2022,17,2023-01-01,Falcons,Cardinals,
2022,17,2023-01-01,Giants,Colts,
2022,17,2023-01-01,Patriots,Dolphins,
2022,17,2023-01-01,Texans,Jaguars,
2022,17,2023-01-01,Seahawks,Jets,
2022,17,2023-01-01,Buccaneers,Panthers,
2022,17,2023-01-01,Chargers,Rams,
2022,17,2023-01-01,Eagles,Saints,
2022,17,2023-01-01,Ravens,Steelers,
2022,17,2023-01-01,Packers,Vikings,
2022,18,2023-01-07,Raiders,Chiefs,
2022,18,2023-01-07,Jaguars,Titans,
2022,18,2023-01-08,Steelers,Browns,
2022,18,2023-01-08,Falcons,Buccaneers,
2022,18,2023-01-08,49ers,Cardinals,
2022,18,2023-01-08,Broncos,Chargers,
2022,18,2023-01-08,Commanders,Cowboys,
2022,18,2023-01-08,Eagles,Giants,
2022,18,2023-01-08,Dolphins,Jets,
2022,18,2023-01-08,Packers,Lions,
2022,18,2023-01-08,Saints,Panthers,
2022,18,2023-01-08,Bills,Patriots,
2022,18,2023-01-08,Seahawks,Rams,
2022,18,2023-01-08,Bengals,Ravens,
2022,18,2023-01-08,Colts,Texans,
2022,18,2023-01-08,Bears,Vikings,
2022,19,2023-01-14,Jaguars,Chargers,
2022,19,2023-01-14,49ers,Seahawks,
2022,19,2023-01-15,Bills,Dolphins,
2022,19,2023-01-15,Vikings,Giants,
2022,19,2023-01-15,Bengals,Ravens,
2022,19,2023-01-16,Buccaneers,Cowboys,
2022,20,2023-01-21,Eagles,Giants,
2022,20,2023-01-21,Chiefs,Jaguars,
2022,20,2023-01-22,Bills,Bengals,
2022,20,2023-01-22,49ers,Cowboys,
2022,21,2023-01-29,Eagles,49ers,
2022,21,2023-01-29,Chiefs,Bengals,
2022,22,2023-02-12,Eagles,Chiefs,
2022,17,,Bengals,Bills,
2023,1,2023-09-07,Chiefs,Lions,
2023,1,2023-09-10,Steelers,49ers,
2023,1,2023-09-10,Browns,Bengals,
2023,1,2023-09-10,Vikings,Buccaneers,
2023,1,2023-09-10,Commanders,Cardinals,
2023,1,2023-09-10,Giants,Cowboys,
2023,1,2023-09-10,Chargers,Dolphins,
2023,1,2023-09-10,Patriots,Eagles,
2023,1,2023-09-10,Colts,Jaguars,
2023,1,2023-09-10,Bears,Packers,
2023,1,2023-09-10,Falcons,Panthers,
2023,1,2023-09-10,Broncos,Raiders,
2023,1,2023-09-10,Seahawks,Rams,
2023,1,2023-09-10,Ravens,Texans,
2023,1,2023-09-10,Saints,Titans,
2023,1,2023-09-11,Jets,Bills,
2023,2,2023-09-14,Eagles,Vikings,
2023,2,2023-09-17,Rams,49ers,
2023,2,2023-09-17,Buccaneers,Bears,
2023,2,2023-09-17,Titans,Chargers,
2023,2,2023-09-17,Jaguars,Chiefs,
2023,2,2023-09-17,Texans,Colts,
2023,2,2023-09-17,Broncos,Commanders,
2023,2,2023-09-17,Patriots,Dolphins,
2023,2,2023-09-17,Cardinals,Giants,
2023,2,2023-09-17,Cowboys,Jets,
2023,2,2023-09-17,Falcons,Packers,
2023,2,2023-09-17,Bills,Raiders,
2023,2,2023-09-17,Bengals,Ravens,
2023,2,2023-09-17,Lions,Seahawks,
2023,2,2023-09-18,Steelers,Browns,
2023,2,2023-09-18,Panthers,Saints,
2023,3,2023-09-21,49ers,Giants,
2023,3,2023-09-24,Chiefs,Bears,
2023,3,2023-09-24,Commanders,Bills,
2023,3,2023-09-24,Dolphins,Broncos,
2023,3,2023-09-24,Vikings,Chargers,
2023,3,2023-09-24,Ravens,Colts,
2023,3,2023-09-24,Cardinals,Cowboys,
2023,3,2023-09-24,Lions,Falcons,
2023,3,2023-09-24,Seahawks,Panthers,
2023,3,2023-09-24,Jets,Patriots,
2023,3,2023-09-24,Packers,Saints,
2023,3,2023-09-24,Raiders,Steelers,
2023,3,2023-09-24,Jaguars,Texans,
2023,3,2023-09-24,Browns,Titans,
2023,3,2023-09-25,Buccaneers,Eagles,
2023,3,2023-09-25,Bengals,Rams,
2023,4,2023-09-28,Packers,Lions,
2023,4,2023-10-01,Titans,Bengals,
2023,4,2023-10-01,Bears,Broncos,
2023,4,2023-10-01,Saints,Buccaneers,
2023,4,2023-10-01,49ers,Cardinals,
2023,4,2023-10-01,Jets,Chiefs,
2023,4,2023-10-01,Eagles,Commanders,
2023,4,2023-10-01,Bills,Dolphins,
2023,4,2023-10-01,Jaguars,Falcons,
2023,4,2023-10-01,Cowboys,Patriots,
2023,4,2023-10-01,Chargers,Raiders,
2023,4,2023-10-01,Colts,Rams,
2023,4,2023-10-01,Browns,Ravens,
2023,4,2023-10-01,Texans,Steelers,
2023,4,2023-10-01,Panthers,Vikings,
2023,4,2023-10-02,Giants,Seahawks,
2023,5,2023-10-05,Commanders,Bears,
2023,5,2023-10-08,Cardinals,Bengals,
2023,5,2023-10-08,Vikings,Chiefs,
2023,5,2023-10-08,49ers,Cowboys,
2023,5,2023-10-08,Rams,Eagles,
2023,5,2023-10-08,Dolphins,Giants,
2023,5,2023-10-08,Bills,Jaguars,
2023,5,2023-10-08,Broncos,Jets,
2023,5,2023-10-08,Lions,Panthers,
2023,5,2023-10-08,Steelers,Ravens,
2023,5,2023-10-08,Patriots,Saints,
2023,5,2023-10-08,Falcons,Texans,
2023,5,2023-10-08,Colts,Titans,
2023,5,2023-10-09,Raiders,Packers,
2023,6,2023-10-12,Chiefs,Broncos,
2023,6,2023-10-15,Browns,49ers,
2023,6,2023-10-15,Rams,Cardinals,
2023,6,2023-10-15,Jaguars,Colts,
2023,6,2023-10-15,Falcons,Commanders,
2023,6,2023-10-15,Jets,Eagles,
2023,6,2023-10-15,Bills,Giants,
2023,6,2023-10-15,Buccaneers,Lions,
2023,6,2023-10-15,Dolphins,Panthers,
2023,6,2023-10-15,Raiders,Patriots,
2023,6,2023-10-15,Titans,Ravens,
2023,6,2023-10-15,Texans,Saints,
2023,6,2023-10-15,Bengals,Seahawks,
2023,6,2023-10-15,Bears,Vikings,
2023,6,2023-10-16,Chargers,Cowboys,
2023,7,2023-10-19,Saints,Jaguars,
2023,7,2023-10-22,Patriots,Bills,
2023,7,2023-10-22,Colts,Browns,
2023,7,2023-10-22,Seahawks,Cardinals,
2023,7,2023-10-22,Chiefs,Chargers,
2023,7,2023-10-22,Giants,Commanders,
2023,7,2023-10-22,Eagles,Dolphins,
2023,7,2023-10-22,Buccaneers,Falcons,
2023,7,2023-10-22,Ravens,Lions,
2023,7,2023-10-22,Broncos,Packers,
2023,7,2023-10-22,Bears,Raiders,
2023,7,2023-10-22,Rams,Steelers,
2023,7,2023-10-23,Vikings,49ers,
2023,8,2023-10-26,Bills,Buccaneers,
2023,8,2023-10-29,Chargers,Bears,
2023,8,2023-10-29,49ers,Bengals,
2023,8,2023-10-29,Seahawks,Browns,
2023,8,2023-10-29,Broncos,Chiefs,
2023,8,2023-10-29,Commanders,Eagles,
2023,8,2023-10-29,Titans,Falcons,
2023,8,2023-10-29,Steelers,Jaguars,
2023,8,2023-10-29,Giants,Jets,
2023,8,2023-10-29,Dolphins,Patriots,
2023,8,2023-10-29,Cowboys,Rams,
2023,8,2023-10-29,Cardinals,Ravens,
2023,8,2023-10-29,Colts,Saints,
2023,8,2023-10-29,Panthers,Texans,
2023,8,2023-10-29,Packers,Vikings,
2023,8,2023-10-30,Lions,Raiders,
2023,9,2023-11-02,Steelers,Titans,
2023,9,2023-11-05,Saints,Bears,
2023,9,2023-11-05,Bengals,Bills,
2023,9,2023-11-05,Texans,Buccaneers,
2023,9,2023-11-05,Browns,Cardinals,
2023,9,2023-11-05,Panthers,Colts,
2023,9,2023-11-05,Patriots,Commanders,
2023,9,2023-11-05,Eagles,Cowboys,
2023,9,2023-11-05,Chiefs,Dolphins,
2023,9,2023-11-05,Raiders,Giants,
2023,9,2023-11-05,Packers,Rams,
2023,9,2023-11-05,Ravens,Seahawks,
2023,9,2023-11-05,Falcons,Vikings,
2023,9,2023-11-06,Jets,Chargers,
2023,10,2023-11-09,Bears,Panthers,
2023,10,2023-11-12,Jaguars,49ers,
2023,10,2023-11-12,Ravens,Browns,
2023,10,2023-11-12,Patriots,Colts,
2023,10,2023-11-12,Seahawks,Commanders,
2023,10,2023-11-12,Cardinals,Falcons,
2023,10,2023-11-12,Cowboys,Giants,
2023,10,2023-11-12,Raiders,Jets,
2023,10,2023-11-12,Chargers,Lions,
2023,10,2023-11-12,Steelers,Packers,
2023,10,2023-11-12,Vikings,Saints,
2023,10,2023-11-12,Bengals,Texans,
2023,10,2023-11-12,Buccaneers,Titans,
2023,10,2023-11-13,Bills,Broncos,
2023,11,2023-11-16,Ravens,Bengals,
2023,11,2023-11-19,Lions,Bears,
2023,11,2023-11-19,49ers,Buccaneers,
2023,11,2023-11-19,Texans,Cardinals,
2023,11,2023-11-19,Packers,Chargers,
2023,11,2023-11-19,Panthers,Cowboys,
2023,11,2023-11-19,Commanders,Giants,
2023,11,2023-11-19,Bills,Jets,
2023,11,2023-11-19,Dolphins,Raiders,
2023,11,2023-11-19,Rams,Seahawks,
2023,11,2023-11-19,Browns,Steelers,
2023,11,2023-11-19,Jaguars,Titans,
2023,11,2023-11-19,Broncos,Vikings,
2023,11,2023-11-20,Chiefs,Eagles,
2023,12,2023-11-23,Seahawks,49ers,
2023,12,2023-11-23,Cowboys,Commanders,
2023,12,2023-11-23,Lions,Packers,
2023,12,2023-11-24,Jets,Dolphins,
2023,12,2023-11-26,Eagles,Bills,
2023,12,2023-11-26,Broncos,Browns,
2023,12,2023-11-26,Colts,Buccaneers,
2023,12,2023-11-26,Raiders,Chiefs,
2023,12,2023-11-26,Texans,Jaguars,
2023,12,2023-11-26,Titans,Panthers,
2023,12,2023-11-26,Giants,Patriots,
2023,12,2023-11-26,Cardinals,Rams,
2023,12,2023-11-26,Chargers,Ravens,
2023,12,2023-11-26,Falcons,Saints,
2023,12,2023-11-26,Bengals,Steelers,
2023,12,2023-11-27,Vikings,Bears,
2023,13,2023-11-30,Cowboys,Seahawks,
2023,13,2023-12-03,Eagles,49ers,
2023,13,2023-12-03,Texans,Broncos,
2023,13,2023-12-03,Rams,Browns,
2023,13,2023-12-03,Steelers,Cardinals,
2023,13,2023-12-03,Patriots,Chargers,
2023,13,2023-12-03,Packers,Chiefs,
2023,13,2023-12-03,Titans,Colts,
2023,13,2023-12-03,Commanders,Dolphins,
2023,13,2023-12-03,Jets,Falcons,
2023,13,2023-12-03,Saints,Lions,
2023,13,2023-12-03,Buccaneers,Panthers,
2023,13,2023-12-04,Jaguars,Bengals,
2023,14,2023-12-07,Steelers,Patriots,
2023,14,2023-12-10,Chiefs,Bills,
2023,14,2023-12-10,Chargers,Broncos,
2023,14,2023-12-10,Falcons,Buccaneers,
2023,14,2023-12-10,Bengals,Colts,
2023,14,2023-12-10,Cowboys,Eagles,
2023,14,2023-12-10,Browns,Jaguars,
2023,14,2023-12-10,Bears,Lions,
2023,14,2023-12-10,Saints,Panthers,
2023,14,2023-12-10,Ravens,Rams,
2023,14,2023-12-10,49ers,Seahawks,
2023,14,2023-12-10,Jets,Texans,
2023,14,2023-12-10,Raiders,Vikings,
2023,14,2023-12-11,Giants,Packers,
2023,14,2023-12-11,Dolphins,Titans,
2023,15,2023-12-14,Raiders,Chargers,
2023,15,2023-12-16,Lions,Broncos,
2023,15,2023-12-16,Colts,Steelers,
2023,15,2023-12-16,Bengals,Vikings,
2023,15,2023-12-17,Cardinals,49ers,
2023,15,2023-12-17,Browns,Bears,
2023,15,2023-12-17,Packers,Buccaneers,
2023,15,2023-12-17,Patriots,Chiefs,
2023,15,2023-12-17,Rams,Commanders,
2023,15,2023-12-17,Bills,Cowboys,
2023,15,2023-12-17,Panthers,Falcons,
2023,15,2023-12-17,Saints,Giants,
2023,15,2023-12-17,Dolphins,Jets,
2023,15,2023-12-17,Jaguars,Ravens,
2023,15,2023-12-17,Titans,Texans,
2023,15,2023-12-18,Seahawks,Eagles,
2023,16,2023-12-21,Rams,Saints,
2023,16,2023-12-23,Steelers,Bengals,
2023,16,2023-12-23,Chargers,Bills,
2023,16,2023-12-24,Texans,Browns,
2023,16,2023-12-24,Bears,Cardinals,
2023,16,2023-12-24,Falcons,Colts,
2023,16,2023-12-24,Jets,Commanders,
2023,16,2023-12-24,Dolphins,Cowboys,
2023,16,2023-12-24,Buccaneers,Jaguars,
2023,16,2023-12-24,Vikings,Lions,
2023,16,2023-12-24,Panthers,Packers,
2023,16,2023-12-24,Broncos,Patriots,
2023,16,2023-12-24,Titans,Seahawks,
2023,16,2023-12-25,Eagles,Giants,
2023,16,2023-12-25,Chiefs,Raiders,
2023,16,2023-12-25,49ers,Ravens,
2023,17,2023-12-28,Browns,Jets,
2023,17,2023-12-30,Cowboys,Lions,
2023,17,2023-12-31,Commanders,49ers,
2023,17,2023-12-31,Chiefs,Bengals,
2023,17,2023-12-31,Eagles,Cardinals,
2023,17,2023-12-31,Broncos,Chargers,
2023,17,2023-12-31,Ravens,Dolphins,
2023,17,2023-12-31,Bears,Falcons,
2023,17,2023-12-31,Vikings,Packers,
2023,17,2023-12-31,Jaguars,Panthers,
2023,17,2023-12-31,Bills,Patriots,
2023,17,2023-12-31,Colts,Raiders,
2023,17,2023-12-31,Giants,Rams,
2023,17,2023-12-31,Buccaneers,Saints,
2023,17,2023-12-31,Seahawks,Steelers,
2023,17,2023-12-31,Texans,Titans,
2023,18,2024-01-06,Ravens,Steelers,
2023,18,2024-01-06,Colts,Texans,
2023,18,2024-01-07,Packers,Bears,
2023,18,2024-01-07,Dolphins,Bills,
2023,18,2024-01-07,Raiders,Broncos,
2023,18,2024-01-07,Bengals,Browns,
2023,18,2024-01-07,Panthers,Buccaneers,
2023,18,2024-01-07,Chargers,Chiefs,
2023,18,2024-01-07,Commanders,Cowboys,
2023,18,2024-01-07,Giants,Eagles,
2023,18,2024-01-07,Saints,Falcons,
2023,18,2024-01-07,Titans,Jaguars,
2023,18,2024-01-07,Patriots,Jets,
2023,18,2024-01-07,49ers,Rams,
2023,18,2024-01-07,Cardinals,Seahawks,
2023,18,2024-01-07,Lions,Vikings,
2023,19,2024-01-13,Texans,Browns,
2023,19,2024-01-13,Chiefs,Dolphins,
2023,19,2024-01-14,Cowboys,Packers,
2023,19,2024-01-14,Lions,Rams,
2023,19,2024-01-15,Buccaneers,Eagles,
2023,19,2024-01-15,Bills,Steelers,
2023,20,2024-01-20,49ers,Packers,
2023,20,2024-01-20,Ravens,Texans,
2023,20,2024-01-21,Lions,Buccaneers,
2023,20,2024-01-21,Bills,Chiefs,
2023,21,2024-01-28,Ravens,Chiefs,
2023,21,2024-01-28,49ers,Lions,
2023,22,2024-02-11,Chiefs,49ers,
2024,1,2024-09-05,Chiefs,Ravens,
2024,1,2024-09-06,Eagles,Packers,
2024,1,2024-09-08,Seahawks,Broncos,
2024,1,2024-09-08,Bills,Cardinals,
2024,1,2024-09-08,Buccaneers,Commanders,
2024,1,2024-09-08,Browns,Cowboys,
2024,1,2024-09-08,Dolphins,Jaguars,
2024,1,2024-09-08,Saints,Panthers,
2024,1,2024-09-08,Bengals,Patriots,
2024,1,2024-09-08,Chargers,Raiders,
2024,1,2024-09-08,Lions,Rams,
2024,1,2024-09-08,Falcons,Steelers,
2024,1,2024-09-08,Colts,Texans,
2024,1,2024-09-08,Bears,Titans,
2024,1,2024-09-08,Giants,Vikings,
2024,1,2024-09-09,49ers,Jets,
2024,2,2024-09-12,Dolphins,Bills,
2024,2,2024-09-15,Vikings,49ers,
2024,2,2024-09-15,Texans,Bears,
2024,2,2024-09-15,Chiefs,Bengals,
2024,2,2024-09-15,Jaguars,Browns,
2024,2,2024-09-15,Lions,Buccaneers,
2024,2,2024-09-15,Panthers,Chargers,
2024,2,2024-09-15,Packers,Colts,
2024,2,2024-09-15,Commanders,Giants,
2024,2,2024-09-15,Titans,Jets,
2024,2,2024-09-15,Ravens,Raiders,
2024,2,2024-09-15,Cardinals,Rams,
2024,2,2024-09-15,Cowboys,Saints,
2024,2,2024-09-15,Patriots,Seahawks,
2024,2,2024-09-15,Broncos,Steelers,
2024,2,2024-09-16,Eagles,Falcons,
2024,3,2024-09-19,Jets,Patriots,
2024,3,2024-09-22,Rams,49ers,
2024,3,2024-09-22,Colts,Bears,
2024,3,2024-09-22,Buccaneers,Broncos,
2024,3,2024-09-22,Steelers,Chargers,
2024,3,2024-09-22,Falcons,Chiefs,
2024,3,2024-09-22,Seahawks,Dolphins,
2024,3,2024-09-22,Saints,Eagles,
2024,3,2024-09-22,Browns,Giants,
2024,3,2024-09-22,Cardinals,Lions,
2024,3,2024-09-22,Titans,Packers,
2024,3,2024-09-22,Raiders,Panthers,
2024,3,2024-09-22,Cowboys,Ravens,
2024,3,2024-09-22,Vikings,Texans,
2024,3,2024-09-23,Bengals,Commanders,
2024,3,2024-09-23,Bills,Jaguars,
2024,4,2024-09-26,Giants,Cowboys,
2024,4,2024-09-29,Panthers,Bengals,
2024,4,2024-09-29,Ravens,Bills,
2024,4,2024-09-29,Jets,Broncos,
2024,4,2024-09-29,Raiders,Browns,
2024,4,2024-09-29,Chargers,Chiefs,
2024,4,2024-09-29,Cardinals,Commanders,
2024,4,2024-09-29,Buccaneers,Eagles,
2024,4,2024-09-29,Texans,Jaguars,
2024,4,2024-09-29,49ers,Patriots,
2024,4,2024-09-29,Bears,Rams,
2024,4,2024-09-29,Falcons,Saints,
2024,4,2024-09-29,Colts,Steelers,
2024,4,2024-09-29,Packers,Vikings,
2024,4,2024-09-30,Lions,Seahawks,
2024,4,2024-09-30,Dolphins,Titans,
2024,5,2024-10-03,Falcons,Buccaneers,
2024,5,2024-10-06,Texans,Bills,
2024,5,2024-10-06,Commanders,Browns,
2024,5,2024-10-06,49ers,Cardinals,
2024,5,2024-10-06,Jaguars,Colts,
2024,5,2024-10-06,Steelers,Cowboys,
2024,5,2024-10-06,Patriots,Dolphins,
2024,5,2024-10-06,Seahawks,Giants,
2024,5,2024-10-06,Vikings,Jets,
2024,5,2024-10-06,Rams,Packers,
2024,5,2024-10-06,Bears,Panthers,
2024,5,2024-10-06,Broncos,Raiders,
2024,5,2024-10-06,Bengals,Ravens,
2024,5,2024-10-07,Chiefs,Saints,
2024,6,2024-10-10,Seahawks,49ers,
2024,6,2024-10-13,Giants,Bengals,
2024,6,2024-10-13,Eagles,Browns,
2024,6,2024-10-13,Saints,Buccaneers,
2024,6,2024-10-13,Packers,Cardinals,
2024,6,2024-10-13,Broncos,Chargers,
2024,6,2024-10-13,Titans,Colts,
2024,6,2024-10-13,Ravens,Commanders,
2024,6,2024-10-13,Panthers,Falcons,
2024,6,2024-10-13,Bears,Jaguars,
2024,6,2024-10-13,Cowboys,Lions,
2024,6,2024-10-13,Raiders,Steelers,
2024,6,2024-10-13,Patriots,Texans,
2024,6,2024-10-14,Jets,Bills,
2024,7,2024-10-17,Saints,Broncos,
2024,7,2024-10-20,Browns,Bengals,
2024,7,2024-10-20,49ers,Chiefs,
2024,7,2024-10-20,Colts,Dolphins,
2024,7,2024-10-20,Giants,Eagles,
2024,7,2024-10-20,Steelers,Jets,
2024,7,2024-10-20,Vikings,Lions,
2024,7,2024-10-20,Commanders,Panthers,
2024,7,2024-10-20,Jaguars,Patriots,
2024,7,2024-10-20,Rams,Raiders,
2024,7,2024-10-20,Falcons,Seahawks,
2024,7,2024-10-20,Packers,Texans,
2024,7,2024-10-20,Bills,Titans,
2024,7,2024-10-21,Cardinals,Chargers,
2024,7,2024-10-21,Buccaneers,Ravens,
2024,8,2024-10-24,Rams,Vikings,
2024,8,2024-10-27,Commanders,Bears,
2024,8,2024-10-27,Seahawks,Bills,
2024,8,2024-10-27,Dolphins,Cardinals,
2024,8,2024-10-27,Raiders,Chiefs,
2024,8,2024-10-27,Texans,Colts,
2024,8,2024-10-27,49ers,Cowboys,
2024,8,2024-10-27,Bengals,Eagles,
2024,8,2024-10-27,Buccaneers,Falcons,
2024,8,2024-10-27,Patriots,Jets,
2024,8,2024-10-27,Jaguars,Packers,
2024,8,2024-10-27,Broncos,Panthers,
2024,8,2024-10-27,Browns,Ravens,
2024,8,2024-10-27,Chargers,Saints,
2024,8,2024-10-27,Lions,Titans,
2024,8,2024-10-28,Steelers,Giants,
2024,9,2024-10-31,Jets,Texans,
2024,9,2024-11-03,Cardinals,Bears,
2024,9,2024-11-03,Ravens,Broncos,
2024,9,2024-11-03,Browns,Chargers,
2024,9,2024-11-03,Vikings,Colts,
2024,9,2024-11-03,Giants,Commanders,
2024,9,2024-11-03,Falcons,Cowboys,
2024,9,2024-11-03,Bills,Dolphins,
2024,9,2024-11-03,Eagles,Jaguars,
2024,9,2024-11-03,Packers,Lions,
2024,9,2024-11-03,Titans,Patriots,
2024,9,2024-11-03,Bengals,Raiders,
2024,9,2024-11-03,Seahawks,Rams,
2024,9,2024-11-03,Panthers,Saints,
2024,9,2024-11-04,Chiefs,Buccaneers,
2024,10,2024-11-07,Ravens,Bengals,
2024,10,2024-11-10,Buccaneers,49ers,
2024,10,2024-11-10,Colts,Bills,
2024,10,2024-11-10,Chiefs,Broncos,
2024,10,2024-11-10,Cowboys,Eagles,
2024,10,2024-11-10,Saints,Falcons,
2024,10,2024-11-10,Panthers,Giants,
2024,10,2024-11-10,Cardinals,Jets,
2024,10,2024-11-10,Texans,Lions,
2024,10,2024-11-10,Bears,Patriots,
2024,10,2024-11-10,Commanders,Steelers,
2024,10,2024-11-10,Chargers,Titans,
2024,10,2024-11-10,Jaguars,Vikings,
2024,10,2024-11-11,Rams,Dolphins,
2024,11,2024-11-14,Eagles,Commanders,
2024,11,2024-11-17,Chargers,Bengals,
2024,11,2024-11-17,Saints,Browns,
2024,11,2024-11-17,Bills,Chiefs,
2024,11,2024-11-17,Jets,Colts,
2024,11,2024-11-17,Broncos,Falcons,
2024,11,2024-11-17,Lions,Jaguars,
2024,11,2024-11-17,Bears,Packers,
2024,11,2024-11-17,Dolphins,Raiders,
2024,11,2024-11-17,Patriots,Rams,
2024,11,2024-11-17,Steelers,Ravens,
2024,11,2024-11-17,49ers,Seahawks,
2024,11,2024-11-17,Titans,Vikings,
2024,11,2024-11-18,Cowboys,Texans,
2024,12,2024-11-21,Browns,Steelers,
2024,12,2024-11-24,Packers,49ers,
2024,12,2024-11-24,Raiders,Broncos,
2024,12,2024-11-24,Giants,Buccaneers,
2024,12,2024-11-24,Seahawks,Cardinals,
2024,12,2024-11-24,Panthers,Chiefs,
2024,12,2024-11-24,Commanders,Cowboys,
2024,12,2024-11-24,Rams,Eagles,
2024,12,2024-11-24,Colts,Lions,
2024,12,2024-11-24,Dolphins,Patriots,
2024,12,2024-11-24,Texans,Titans,
2024,12,2024-11-24,Bears,Vikings,
2024,12,2024-11-25,Chargers,Ravens,
2024,13,2024-11-28,Lions,Bears,
2024,13,2024-11-28,Packers,Dolphins,
2024,13,2024-11-28,Cowboys,Giants,
2024,13,2024-11-29,Chiefs,Raiders,
2024,13,2024-12-01,Bills,49ers,
2024,13,2024-12-01,Panthers,Buccaneers,
2024,13,2024-12-01,Vikings,Cardinals,
2024,13,2024-12-01,Falcons,Chargers,
2024,13,2024-12-01,Patriots,Colts,
2024,13,2024-12-01,Ravens,Eagles,
2024,13,2024-12-01,Saints,Rams,
2024,13,2024-12-01,Jets,Seahawks,
2024,13,2024-12-01,Bengals,Steelers,
2024,13,2024-12-01,Jaguars,Texans,
2024,13,2024-12-01,Commanders,Titans,
2024,13,2024-12-02,Broncos,Browns,
2024,14,2024-12-05,Lions,Packers,
2024,14,2024-12-08,49ers,Bears,
2024,14,2024-12-08,Rams,Bills,
2024,14,2024-12-08,Steelers,Browns,
2024,14,2024-12-08,Chiefs,Chargers,
2024,14,2024-12-08,Vikings,Falcons,
2024,14,2024-12-08,Titans,Jaguars,
2024,14,2024-12-08,Dolphins,Jets,
2024,14,2024-12-08,Eagles,Panthers,
2024,14,2024-12-08,Buccaneers,Raiders,
2024,14,2024-12-08,Giants,Saints,
2024,14,2024-12-08,Cardinals,Seahawks,
2024,14,2024-12-09,Cowboys,Bengals,
2024,15,2024-12-12,49ers,Rams,
2024,15,2024-12-15,Titans,Bengals,
2024,15,2024-12-15,Lions,Bills,
2024,15,2024-12-15,Chargers,Buccaneers,
2024,15,2024-12-15,Browns,Chiefs,
2024,15,2024-12-15,Broncos,Colts,
2024,15,2024-12-15,Saints,Commanders,
2024,15,2024-12-15,Panthers,Cowboys,
2024,15,2024-12-15,Texans,Dolphins,
2024,15,2024-12-15,Jaguars,Jets,
2024,15,2024-12-15,Seahawks,Packers,
2024,15,2024-12-15,Cardinals,Patriots,
2024,15,2024-12-15,Giants,Ravens,
2024,15,2024-12-15,Eagles,Steelers,
2024,15,2024-12-16,Vikings,Bears,
2024,15,2024-12-16,Raiders,Falcons,
2024,16,2024-12-19,Chargers,Broncos,
2024,16,2024-12-21,Ravens,Steelers,
2024,16,2024-12-21,Chiefs,Texans,
2024,16,2024-12-22,Dolphins,49ers,
2024,16,2024-12-22,Bengals,Browns,
2024,16,2024-12-22,Cowboys,Buccaneers,
2024,16,2024-12-22,Panthers,Cardinals,
2024,16,2024-12-22,Commanders,Eagles,
2024,16,2024-12-22,Falcons,Giants,
2024,16,2024-12-22,Raiders,Jaguars,
2024,16,2024-12-22,Bears,Lions,
2024,16,2024-12-22,Bills,Patriots,
2024,16,2024-12-22,Jets,Rams,
2024,16,2024-12-22,Colts,Titans,
2024,16,2024-12-22,Seahawks,Vikings,
2024,16,2024-12-23,Packers,Saints,
2024,17,2024-12-25,Steelers,Chiefs,
2024,17,2024-12-25,Texans,Ravens,
2024,17,2024-12-26,Bears,Seahawks,
2024,17,2024-12-28,Bengals,Broncos,
2024,17,2024-12-28,Rams,Cardinals,
2024,17,2024-12-28,Patriots,Chargers,
2024,17,2024-12-29,Giants,Colts,
2024,17,2024-12-29,Eagles,Cowboys,
2024,17,2024-12-29,Browns,Dolphins,
2024,17,2024-12-29,Commanders,Falcons,
2024,17,2024-12-29,Bills,Jets,
2024,17,2024-12-29,Vikings,Packers,
2024,17,2024-12-29,Buccaneers,Panthers,
2024,17,2024-12-29,Saints,Raiders,
2024,17,2024-12-29,Jaguars,Titans,
2024,17,2024-12-30,49ers,Lions,
2024,18,2025-01-04,Steelers,Bengals,
2024,18,2025-01-04,Ravens,Browns,
2024,18,2025-01-05,Cardinals,49ers,
2024,18,2025-01-05,Packers,Bears,
2024,18,2025-01-05,Patriots,Bills,
2024,18,2025-01-05,Raiders,Chargers,
2024,18,2025-01-05,Broncos,Chiefs,
2024,18,2025-01-05,Cowboys,Commanders,
2024,18,2025-01-05,Jets,Dolphins,
2024,18,2025-01-05,Eagles,Giants,
2024,18,2025-01-05,Colts,Jaguars,
2024,18,2025-01-05,Falcons,Panthers,
2024,18,2025-01-05,Buccaneers,Saints,
2024,18,2025-01-05,Rams,Seahawks,
2024,18,2025-01-05,Titans,Texans,
2024,18,2025-01-05,Lions,Vikings,
2024,19,2025-01-11,Texans,Chargers,
2024,19,2025-01-11,Ravens,Steelers,
2024,19,2025-01-12,Bills,Broncos,
2024,19,2025-01-12,Buccaneers,Commanders,
2024,19,2025-01-12,Eagles,Packers,
2024,19,2025-01-13,Rams,Vikings,
2024,20,2025-01-18,Lions,Commanders,
2024,20,2025-01-18,Chiefs,Texans,
2024,20,2025-01-19,Eagles,Rams,
2024,20,2025-01-19,Bills,Ravens,
2024,21,2025-01-26,Chiefs,Bills,
2024,21,2025-01-26,Eagles,Commanders,
2024,22,2025-02-09,Eagles,Chiefs,
2025,1,2025-09-04,Eagles,Cowboys,
2025,1,2025-09-05,Chargers,Chiefs,
2025,1,2025-09-07,Seahawks,49ers,
2025,1,2025-09-07,Browns,Bengals,
2025,1,2025-09-07,Falcons,Buccaneers,
2025,1,2025-09-07,Saints,Cardinals,
2025,1,2025-09-07,Colts,Dolphins,
2025,1,2025-09-07,Commanders,Giants,
2025,1,2025-09-07,Packers,Lions,
2025,1,2025-09-07,Jaguars,Panthers,
2025,1,2025-09-07,Patriots,Raiders,
2025,1,2025-09-07,Bills,Ravens,
2025,1,2025-09-07,Jets,Steelers,
2025,1,2025-09-07,Rams,Texans,
2025,1,2025-09-07,Broncos,Titans,
2025,1,2025-09-08,Bears,Vikings,
2025,2,2025-09-11,Packers,Commanders,
2025,2,2025-09-14,Saints,49ers,
2025,2,2025-09-14,Lions,Bears,
2025,2,2025-09-14,Jets,Bills,
2025,2,2025-09-14,Colts,Broncos,
2025,2,2025-09-14,Ravens,Browns,
2025,2,2025-09-14,Chiefs,Eagles,
2025,2,2025-09-14,Vikings,Falcons,
2025,2,2025-09-14,Cowboys,Giants,
2025,2,2025-09-14,Bengals,Jaguars,
2025,2,2025-09-14,Cardinals,Panthers,
2025,2,2025-09-14,Dolphins,Patriots,
2025,2,2025-09-14,Titans,Rams,
2025,2,2025-09-14,Steelers,Seahawks,
2025,2,2025-09-15,Texans,Buccaneers,
2025,2,2025-09-15,Raiders,Chargers,
2025,3,2025-09-18,Bills,Dolphins,
2025,3,2025-09-21,Vikings,Bengals,
2025,3,2025-09-21,Chargers,Broncos,
2025,3,2025-09-21,49ers,Cardinals,
2025,3,2025-09-21,Giants,Chiefs,
2025,3,2025-09-21,Titans,Colts,
2025,3,2025-09-21,Bears,Cowboys,
2025,3,2025-09-21,Panthers,Falcons,
2025,3,2025-09-21,Buccaneers,Jets,
2025,3,2025-09-21,Browns,Packers,
2025,3,2025-09-21,Commanders,Raiders,
2025,3,2025-09-21,Eagles,Rams,
2025,3,2025-09-21,Seahawks,Saints,
2025,3,2025-09-21,Patriots,Steelers,
2025,3,2025-09-21,Jaguars,Texans,
2025,3,2025-09-22,Ravens,Lions,
2025,4,2025-09-25,Cardinals,Seahawks,
2025,4,2025-09-28,Raiders,Bears,
2025,4,2025-09-28,Lions,Browns,
2025,4,2025-09-28,Giants,Chargers,
2025,4,2025-09-28,Rams,Colts,
2025,4,2025-09-28,Falcons,Commanders,
2025,4,2025-09-28,Buccaneers,Eagles,
2025,4,2025-09-28,49ers,Jaguars,
2025,4,2025-09-28,Cowboys,Packers,
2025,4,2025-09-28,Patriots,Panthers,
2025,4,2025-09-28,Chiefs,Ravens,
2025,4,2025-09-28,Bills,Saints,
2025,4,2025-09-28,Texans,Titans,
2025,4,2025-09-28,Steelers,Vikings,
2025,4,2025-09-29,Broncos,Bengals,
2025,4,2025-09-29,Dolphins,Jets,
2025,5,2025-10-02,Rams,49ers,
2025,5,2025-10-05,Eagles,Broncos,
2025,5,2025-10-05,Seahawks,Buccaneers,
2025,5,2025-10-05,Chargers,Commanders,
2025,5,2025-10-05,Jets,Cowboys,
2025,5,2025-10-05,Panthers,Dolphins,
2025,5,2025-10-05,Saints,Giants,
2025,5,2025-10-05,Bengals,Lions,
2025,5,2025-10-05,Bills,Patriots,
2025,5,2025-10-05,Colts,Raiders,
2025,5,2025-10-05,Ravens,Texans,
2025,5,2025-10-05,Cardinals,Titans,
2025,5,2025-10-05,Browns,Vikings,
2025,5,2025-10-06,Jaguars,Chiefs,
2025,6,2025-10-09,Giants,Eagles,
2025,6,2025-10-12,Buccaneers,49ers,
2025,6,2025-10-12,Packers,Bengals,
2025,6,2025-10-12,Jets,Broncos,
2025,6,2025-10-12,Steelers,Browns,
2025,6,2025-10-12,Colts,Cardinals,
2025,6,2025-10-12,Dolphins,Chargers,
2025,6,2025-10-12,Panthers,Cowboys,
2025,6,2025-10-12,Chiefs,Lions,
2025,6,2025-10-12,Saints,Patriots,
2025,6,2025-10-12,Ravens,Rams,
2025,6,2025-10-12,Jaguars,Seahawks,
2025,6,2025-10-12,Raiders,Titans,
2025,6,2025-10-13,Commanders,Bears,
2025,6,2025-10-13,Falcons,Bills,
2025,7,2025-10-16,Bengals,Steelers,
2025,7,2025-10-19,Chargers,Colts,
2025,7,2025-10-19,Cowboys,Commanders,
2025,7,2025-10-19,Browns,Dolphins,
2025,7,2025-10-19,Vikings,Eagles,
2025,7,2025-10-19,49ers,Falcons,
2025,7,2025-10-19,Broncos,Giants,
2025,7,2025-10-19,Cardinals,Packers,
2025,7,2025-10-19,Jets,Panthers,
2025,7,2025-10-19,Titans,Patriots,
2025,7,2025-10-19,Chiefs,Raiders,
2025,7,2025-10-19,Jaguars,Rams,
2025,7,2025-10-19,Bears,Saints,
2025,7,2025-10-20,Lions,Buccaneers,
2025,7,2025-10-20,Seahawks,Texans,
2025,8,2025-10-23,Chargers,Vikings,
2025,8,2025-10-26,Texans,49ers,
2025,8,2025-10-26,Ravens,Bears,
2025,8,2025-10-26,Panthers,Bills,
2025,8,2025-10-26,Patriots,Browns,
2025,8,2025-10-26,Saints,Buccaneers,
2025,8,2025-10-26,Broncos,Cowboys,
2025,8,2025-10-26,Falcons,Dolphins,
2025,8,2025-10-26,Eagles,Giants,
2025,8,2025-10-26,Bengals,Jets,
2025,8,2025-10-26,Steelers,Packers,
2025,8,2025-10-26,Colts,Titans,
2025,8,2025-10-27,Chiefs,Commanders,
2025,9,2025-10-30,Dolphins,Ravens,
2025,9,2025-11-02,Giants,49ers,
2025,9,2025-11-02,Bengals,Bears,
2025,9,2025-11-02,Texans,Broncos,
2025,9,2025-11-02,Titans,Chargers,
2025,9,2025-11-02,Bills,Chiefs,
2025,9,2025-11-02,Steelers,Colts,
2025,9,2025-11-02,Patriots,Falcons,
2025,9,2025-11-02,Raiders,Jaguars,
2025,9,2025-11-02,Packers,Panthers,
2025,9,2025-11-02,Rams,Saints,
2025,9,2025-11-02,Commanders,Seahawks,
2025,9,2025-11-02,Lions,Vikings,
2025,9,2025-11-03,Cowboys,Cardinals,
2025,10,2025-11-06,Broncos,Raiders,
2025,10,2025-11-09,Dolphins,Bills,
2025,10,2025-11-09,Jets,Browns,
2025,10,2025-11-09,Seahawks,Cardinals,
2025,10,2025-11-09,Colts,Falcons,
2025,10,2025-11-09,Bears,Giants,
2025,10,2025-11-09,Texans,Jaguars,
2025,10,2025-11-09,Commanders,Lions,
2025,10,2025-11-09,Buccaneers,Patriots,
2025,10,2025-11-09,49ers,Rams,
2025,10,2025-11-09,Vikings,Ravens,
2025,10,2025-11-09,Panthers,Saints,
2025,10,2025-11-09,Chargers,Steelers,
2025,10,2025-11-10,Packers,Eagles,
2025,11,2025-11-13,Patriots,Jets,
2025,11,2025-11-16,Cardinals,49ers,
2025,11,2025-11-16,Vikings,Bears,
2025,11,2025-11-16,Steelers,Bengals,
2025,11,2025-11-16,Bills,Buccaneers,
2025,11,2025-11-16,Jaguars,Chargers,
2025,11,2025-11-16,Broncos,Chiefs,
2025,11,2025-11-16,Dolphins,Commanders,
2025,11,2025-11-16,Eagles,Lions,
2025,11,2025-11-16,Giants,Packers,
2025,11,2025-11-16,Falcons,Panthers,
2025,11,2025-11-16,Browns,Ravens,
2025,11,2025-11-16,Rams,Seahawks,
2025,11,2025-11-16,Titans,Texans,
2025,11,2025-11-17,Raiders,Cowboys,
2025,12,2025-11-20,Texans,Bills,
2025,12,2025-11-23,Raiders,Browns,
2025,12,2025-11-23,Rams,Buccaneers,
2025,12,2025-11-23,Chiefs,Colts,
2025,12,2025-11-23,Cowboys,Eagles,
2025,12,2025-11-23,Saints,Falcons,
2025,12,2025-11-23,Lions,Giants,
2025,12,2025-11-23,Cardinals,Jaguars,
2025,12,2025-11-23,Ravens,Jets,
2025,12,2025-11-23,Bengals,Patriots,
2025,12,2025-11-23,Titans,Seahawks,
2025,12,2025-11-23,Bears,Steelers,
2025,12,2025-11-23,Packers,Vikings,
2025,12,2025-11-24,49ers,Panthers,
2025,13,2025-11-27,Ravens,Bengals,
2025,13,2025-11-27,Cowboys,Chiefs,
2025,13,2025-11-27,Lions,Packers,
2025,13,2025-11-28,Eagles,Bears,
2025,13,2025-11-30,Browns,49ers,
2025,13,2025-11-30,Steelers,Bills,
2025,13,2025-11-30,Commanders,Broncos,
2025,13,2025-11-30,Buccaneers,Cardinals,
2025,13,2025-11-30,Jets,Falcons,
2025,13,2025-11-30,Titans,Jaguars,
2025,13,2025-11-30,Chargers,Raiders,
2025,13,2025-11-30,Panthers,Rams,
2025,13,2025-11-30,Dolphins,Saints,
2025,13,2025-11-30,Colts,Texans,
2025,13,2025-11-30,Seahawks,Vikings,
2025,13,2025-12-01,Patriots,Giants,
2025,14,2025-12-04,Lions,Cowboys,
2025,14,2025-12-07,Packers,Bears,
2025,14,2025-12-07,Bills,Bengals,
2025,14,2025-12-07,Raiders,Broncos,
2025,14,2025-12-07,Jaguars,Colts,
2025,14,2025-12-07,Vikings,Commanders,
2025,14,2025-12-07,Jets,Dolphins,
2025,14,2025-12-07,Cardinals,Rams,
2025,14,2025-12-07,Buccaneers,Saints,
2025,14,2025-12-07,Falcons,Seahawks,
2025,14,2025-12-07,Ravens,Steelers,
2025,14,2025-12-07,Chiefs,Texans,
2025,14,2025-12-07,Browns,Titans,
2025,14,2025-12-08,Chargers,Eagles,
2025,15,2025-12-11,Buccaneers,Falcons,
2025,15,2025-12-14,Patriots,Bills,
2025,15,2025-12-14,Bears,Browns,
2025,15,2025-12-14,Texans,Cardinals,
2025,15,2025-12-14,Chiefs,Chargers,
2025,15,2025-12-14,Seahawks,Colts,
2025,15,2025-12-14,Giants,Commanders,
2025,15,2025-12-14,Jaguars,Jets,
2025,15,2025-12-14,Rams,Lions,
2025,15,2025-12-14,Broncos,Packers,
2025,15,2025-12-14,Saints,Panthers,
2025,15,2025-12-14,Eagles,Raiders,
2025,15,2025-12-14,Bengals,Ravens,
2025,15,2025-12-14,49ers,Titans,
2025,15,2025-12-14,Cowboys,Vikings,
2025,15,2025-12-15,Steelers,Dolphins,
2025,16,2025-12-18,Seahawks,Rams,
2025,16,2025-12-21,Dolphins,Bengals,
2025,16,2025-12-21,Browns,Bills,
2025,16,2025-12-21,Panthers,Buccaneers,
2025,16,2025-12-21,Cowboys,Chargers,
2025,16,2025-12-21,Titans,Chiefs,
2025,16,2025-12-21,Cardinals,Falcons,
2025,16,2025-12-21,Broncos,Jaguars,
2025,16,2025-12-21,Saints,Jets,
2025,16,2025-12-21,Ravens,Patriots,
2025,16,2025-12-21,Texans,Raiders,
2025,16,2025-12-21,Lions,Steelers,
2025,16,2025-12-21,Giants,Vikings,
2025,16,2025-12-22,Colts,49ers,
2025,17,2025-12-25,Chiefs,Broncos,
2025,17,2025-12-25,Commanders,Cowboys,
2025,17,2025-12-25,Vikings,Lions,
2025,17,2025-12-28,49ers,Bears,
2025,17,2025-12-28,Dolphins,Buccaneers,
2025,17,2025-12-28,Bills,Eagles,
2025,17,2025-12-28,Colts,Jaguars,
2025,17,2025-12-28,Jets,Patriots,
2025,17,2025-12-28,Titans,Saints,
2025,17,2025-12-28,Browns,Steelers,
2025,17,2025-12-29,Falcons,Rams,
2025,16,,Commanders,Eagles,
2025,16,,Bears,Packers,
2025,17,,Bengals,Cardinals,
2025,17,,Raiders,Giants,
2025,17,,Packers,Ravens,
2025,17,,Panthers,Seahawks,
2025,17,,Chargers,Texans,
2025,18,,Bengals,Browns,
2025,18,,Rams,Cardinals,
2025,18,,Broncos,Chargers,
2025,18,,Raiders,Chiefs,
2025,18,,Texans,Colts,
2025,18,,Eagles,Commanders,
2025,18,,Giants,Cowboys,
2025,18,,Patriots,Dolphins,
2025,18,,Bills,Jets,
2025,18,,Bears,Lions,
2025,18,,Vikings,Packers,
2025,18,,Buccaneers,Panthers,
2025,18,,Steelers,Ravens,
2025,18,,Falcons,Saints,
2025,18,,49ers,Seahawks,
2025,18,,Jaguars,Titans,
