game_id,Season,Week,game_date,AwayTeam,HomeTeam
2017_2017-08-03_cardinals_at_cowboys,2017,Hall Of Fame,2017-08-03,Cardinals,Cowboys
2017_2017-08-09_texans_at_panthers,2017,Preseason Week 1,2017-08-09,Texans,Panthers
2017_2017-08-10_broncos_at_bears,2017,Preseason Week 1,2017-08-10,Broncos,Bears
2017_2017-08-10_eagles_at_packers,2017,Preseason Week 1,2017-08-10,Eagles,Packers
2017_2017-08-10_falcons_at_dolphins,2017,Preseason Week 1,2017-08-10,Falcons,Dolphins
2017_2017-08-10_jaguars_at_patriots,2017,Preseason Week 1,2017-08-10,Jaguars,Patriots
2017_2017-08-10_redskins_at_ravens,2017,Preseason Week 1,2017-08-10,Redskins,Ravens
2017_2017-08-10_saints_at_browns,2017,Preseason Week 1,2017-08-10,Saints,Browns
2017_2017-08-10_vikings_at_bills,2017,Preseason Week 1,2017-08-10,Vikings,Bills
2017_2017-08-11_49ers_at_chiefs,2017,Preseason Week 1,2017-08-11,49ers,Chiefs
2017_2017-08-11_buccaneers_at_bengals,2017,Preseason Week 1,2017-08-11,Buccaneers,Bengals
2017_2017-08-11_steelers_at_giants,2017,Preseason Week 1,2017-08-11,Steelers,Giants
2017_2017-08-12_cowboys_at_rams,2017,Preseason Week 1,2017-08-12,Cowboys,Rams
2017_2017-08-12_raiders_at_cardinals,2017,Preseason Week 1,2017-08-12,Raiders,Cardinals
2017_2017-08-12_titans_at_jets,2017,Preseason Week 1,2017-08-12,Titans,Jets
2017_2017-08-13_lions_at_colts,2017,Preseason Week 1,2017-08-13,Lions,Colts
2017_2017-08-13_seahawks_at_chargers,2017,Preseason Week 1,2017-08-13,Seahawks,Chargers
2017_2017-08-17_bills_at_eagles,2017,Preseason Week 2,2017-08-17,Bills,Eagles
2017_2017-08-17_buccaneers_at_jaguars,2017,Preseason Week 2,2017-08-17,Buccaneers,Jaguars
2017_2017-08-17_ravens_at_dolphins,2017,Preseason Week 2,2017-08-17,Ravens,Dolphins
2017_2017-08-18_vikings_at_seahawks,2017,Preseason Week 2,2017-08-18,Vikings,Seahawks
2017_2017-08-19_bears_at_cardinals,2017,Preseason Week 2,2017-08-19,Bears,Cardinals
2017_2017-08-19_broncos_at_49ers,2017,Preseason Week 2,2017-08-19,Broncos,49ers
2017_2017-08-19_chiefs_at_bengals,2017,Preseason Week 2,2017-08-19,Chiefs,Bengals
2017_2017-08-19_colts_at_cowboys,2017,Preseason Week 2,2017-08-19,Colts,Cowboys
2017_2017-08-19_jets_at_lions,2017,Preseason Week 2,2017-08-19,Jets,Lions
2017_2017-08-19_packers_at_redskins,2017,Preseason Week 2,2017-08-19,Packers,Redskins
2017_2017-08-19_panthers_at_titans,2017,Preseason Week 2,2017-08-19,Panthers,Titans
2017_2017-08-19_patriots_at_texans,2017,Preseason Week 2,2017-08-19,Patriots,Texans
2017_2017-08-19_rams_at_raiders,2017,Preseason Week 2,2017-08-19,Rams,Raiders
2017_2017-08-20_falcons_at_steelers,2017,Preseason Week 2,2017-08-20,Falcons,Steelers
2017_2017-08-20_saints_at_chargers,2017,Preseason Week 2,2017-08-20,Saints,Chargers
2017_2017-08-21_giants_at_browns,2017,Preseason Week 2,2017-08-21,Giants,Browns
2017_2017-08-24_dolphins_at_eagles,2017,Preseason Week 3,2017-08-24,Dolphins,Eagles
2017_2017-08-24_panthers_at_jaguars,2017,Preseason Week 3,2017-08-24,Panthers,Jaguars
2017_2017-08-25_chiefs_at_seahawks,2017,Preseason Week 3,2017-08-25,Chiefs,Seahawks
2017_2017-08-25_patriots_at_lions,2017,Preseason Week 3,2017-08-25,Patriots,Lions
2017_2017-08-26_bills_at_ravens,2017,Preseason Week 3,2017-08-26,Bills,Ravens
2017_2017-08-26_browns_at_buccaneers,2017,Preseason Week 3,2017-08-26,Browns,Buccaneers
2017_2017-08-26_cardinals_at_falcons,2017,Preseason Week 3,2017-08-26,Cardinals,Falcons
2017_2017-08-26_chargers_at_rams,2017,Preseason Week 3,2017-08-26,Chargers,Rams
2017_2017-08-26_colts_at_steelers,2017,Preseason Week 3,2017-08-26,Colts,Steelers
2017_2017-08-26_jets_at_giants,2017,Preseason Week 3,2017-08-26,Jets,Giants
2017_2017-08-26_packers_at_broncos,2017,Preseason Week 3,2017-08-26,Packers,Broncos
2017_2017-08-26_raiders_at_cowboys,2017,Preseason Week 3,2017-08-26,Raiders,Cowboys
2017_2017-08-26_texans_at_saints,2017,Preseason Week 3,2017-08-26,Texans,Saints
2017_2017-08-27_49ers_at_vikings,2017,Preseason Week 3,2017-08-27,49ers,Vikings
2017_2017-08-27_bears_at_titans,2017,Preseason Week 3,2017-08-27,Bears,Titans
2017_2017-08-27_bengals_at_redskins,2017,Preseason Week 3,2017-08-27,Bengals,Redskins
2017_2017-08-31_bengals_at_colts,2017,Preseason Week 4,2017-08-31,Bengals,Colts
2017_2017-08-31_browns_at_bears,2017,Preseason Week 4,2017-08-31,Browns,Bears
2017_2017-08-31_cardinals_at_broncos,2017,Preseason Week 4,2017-08-31,Cardinals,Broncos
2017_2017-08-31_chargers_at_49ers,2017,Preseason Week 4,2017-08-31,Chargers,49ers
2017_2017-08-31_dolphins_at_vikings,2017,Preseason Week 4,2017-08-31,Dolphins,Vikings
2017_2017-08-31_eagles_at_jets,2017,Preseason Week 4,2017-08-31,Eagles,Jets
2017_2017-08-31_giants_at_patriots,2017,Preseason Week 4,2017-08-31,Giants,Patriots
2017_2017-08-31_jaguars_at_falcons,2017,Preseason Week 4,2017-08-31,Jaguars,Falcons
2017_2017-08-31_lions_at_bills,2017,Preseason Week 4,2017-08-31,Lions,Bills
2017_2017-08-31_rams_at_packers,2017,Preseason Week 4,2017-08-31,Rams,Packers
2017_2017-08-31_ravens_at_saints,2017,Preseason Week 4,2017-08-31,Ravens,Saints
2017_2017-08-31_redskins_at_buccaneers,2017,Preseason Week 4,2017-08-31,Redskins,Buccaneers
2017_2017-08-31_seahawks_at_raiders,2017,Preseason Week 4,2017-08-31,Seahawks,Raiders
2017_2017-08-31_steelers_at_panthers,2017,Preseason Week 4,2017-08-31,Steelers,Panthers
2017_2017-08-31_titans_at_chiefs,2017,Preseason Week 4,2017-08-31,Titans,Chiefs
2018_2018-08-02_bears_at_ravens,2018,Hall Of Fame,2018-08-02,Bears,Ravens
2018_2018-08-09_bears_at_bengals,2018,Preseason Week 1,2018-08-09,Bears,Bengals
2018_2018-08-09_browns_at_giants,2018,Preseason Week 1,2018-08-09,Browns,Giants
2018_2018-08-09_buccaneers_at_dolphins,2018,Preseason Week 1,2018-08-09,Buccaneers,Dolphins
2018_2018-08-09_colts_at_seahawks,2018,Preseason Week 1,2018-08-09,Colts,Seahawks
2018_2018-08-09_cowboys_at_49ers,2018,Preseason Week 1,2018-08-09,Cowboys,49ers
2018_2018-08-09_panthers_at_bills,2018,Preseason Week 1,2018-08-09,Panthers,Bills
2018_2018-08-09_rams_at_ravens,2018,Preseason Week 1,2018-08-09,Rams,Ravens
2018_2018-08-09_redskins_at_patriots,2018,Preseason Week 1,2018-08-09,Redskins,Patriots
2018_2018-08-09_saints_at_jaguars,2018,Preseason Week 1,2018-08-09,Saints,Jaguars
2018_2018-08-09_steelers_at_eagles,2018,Preseason Week 1,2018-08-09,Steelers,Eagles
2018_2018-08-09_texans_at_chiefs,2018,Preseason Week 1,2018-08-09,Texans,Chiefs
2018_2018-08-09_titans_at_packers,2018,Preseason Week 1,2018-08-09,Titans,Packers
2018_2018-08-10_falcons_at_jets,2018,Preseason Week 1,2018-08-10,Falcons,Jets
2018_2018-08-10_lions_at_raiders,2018,Preseason Week 1,2018-08-10,Lions,Raiders
2018_2018-08-11_chargers_at_cardinals,2018,Preseason Week 1,2018-08-11,Chargers,Cardinals
2018_2018-08-11_vikings_at_broncos,2018,Preseason Week 1,2018-08-11,Vikings,Broncos
2018_2018-08-16_eagles_at_patriots,2018,Preseason Week 2,2018-08-16,Eagles,Patriots
2018_2018-08-16_jets_at_redskins,2018,Preseason Week 2,2018-08-16,Jets,Redskins
2018_2018-08-16_steelers_at_packers,2018,Preseason Week 2,2018-08-16,Steelers,Packers
2018_2018-08-17_bills_at_browns,2018,Preseason Week 2,2018-08-17,Bills,Browns
2018_2018-08-17_cardinals_at_saints,2018,Preseason Week 2,2018-08-17,Cardinals,Saints
2018_2018-08-17_chiefs_at_falcons,2018,Preseason Week 2,2018-08-17,Chiefs,Falcons
2018_2018-08-17_dolphins_at_panthers,2018,Preseason Week 2,2018-08-17,Dolphins,Panthers
2018_2018-08-17_giants_at_lions,2018,Preseason Week 2,2018-08-17,Giants,Lions
2018_2018-08-18_49ers_at_texans,2018,Preseason Week 2,2018-08-18,49ers,Texans
2018_2018-08-18_bears_at_broncos,2018,Preseason Week 2,2018-08-18,Bears,Broncos
2018_2018-08-18_bengals_at_cowboys,2018,Preseason Week 2,2018-08-18,Bengals,Cowboys
2018_2018-08-18_buccaneers_at_titans,2018,Preseason Week 2,2018-08-18,Buccaneers,Titans
2018_2018-08-18_jaguars_at_vikings,2018,Preseason Week 2,2018-08-18,Jaguars,Vikings
2018_2018-08-18_raiders_at_rams,2018,Preseason Week 2,2018-08-18,Raiders,Rams
2018_2018-08-18_seahawks_at_chargers,2018,Preseason Week 2,2018-08-18,Seahawks,Chargers
2018_2018-08-20_ravens_at_colts,2018,Preseason Week 2,2018-08-20,Ravens,Colts
2018_2018-08-23_eagles_at_browns,2018,Preseason Week 3,2018-08-23,Eagles,Browns
2018_2018-08-24_broncos_at_redskins,2018,Preseason Week 3,2018-08-24,Broncos,Redskins
2018_2018-08-24_giants_at_jets,2018,Preseason Week 3,2018-08-24,Giants,Jets
2018_2018-08-24_lions_at_buccaneers,2018,Preseason Week 3,2018-08-24,Lions,Buccaneers
2018_2018-08-24_packers_at_raiders,2018,Preseason Week 3,2018-08-24,Packers,Raiders
2018_2018-08-24_patriots_at_panthers,2018,Preseason Week 3,2018-08-24,Patriots,Panthers
2018_2018-08-24_seahawks_at_vikings,2018,Preseason Week 3,2018-08-24,Seahawks,Vikings
2018_2018-08-25_49ers_at_colts,2018,Preseason Week 3,2018-08-25,49ers,Colts
2018_2018-08-25_chiefs_at_bears,2018,Preseason Week 3,2018-08-25,Chiefs,Bears
2018_2018-08-25_falcons_at_jaguars,2018,Preseason Week 3,2018-08-25,Falcons,Jaguars
2018_2018-08-25_ravens_at_dolphins,2018,Preseason Week 3,2018-08-25,Ravens,Dolphins
2018_2018-08-25_saints_at_chargers,2018,Preseason Week 3,2018-08-25,Saints,Chargers
2018_2018-08-25_texans_at_rams,2018,Preseason Week 3,2018-08-25,Texans,Rams
2018_2018-08-25_titans_at_steelers,2018,Preseason Week 3,2018-08-25,Titans,Steelers
2018_2018-08-26_bengals_at_bills,2018,Preseason Week 3,2018-08-26,Bengals,Bills
2018_2018-08-26_cardinals_at_cowboys,2018,Preseason Week 3,2018-08-26,Cardinals,Cowboys
2018_2018-08-30_bills_at_bears,2018,Preseason Week 4,2018-08-30,Bills,Bears
2018_2018-08-30_broncos_at_cardinals,2018,Preseason Week 4,2018-08-30,Broncos,Cardinals
2018_2018-08-30_browns_at_lions,2018,Preseason Week 4,2018-08-30,Browns,Lions
2018_2018-08-30_chargers_at_49ers,2018,Preseason Week 4,2018-08-30,Chargers,49ers
2018_2018-08-30_colts_at_bengals,2018,Preseason Week 4,2018-08-30,Colts,Bengals
2018_2018-08-30_cowboys_at_texans,2018,Preseason Week 4,2018-08-30,Cowboys,Texans
2018_2018-08-30_dolphins_at_falcons,2018,Preseason Week 4,2018-08-30,Dolphins,Falcons
2018_2018-08-30_jaguars_at_buccaneers,2018,Preseason Week 4,2018-08-30,Jaguars,Buccaneers
2018_2018-08-30_jets_at_eagles,2018,Preseason Week 4,2018-08-30,Jets,Eagles
2018_2018-08-30_packers_at_chiefs,2018,Preseason Week 4,2018-08-30,Packers,Chiefs
2018_2018-08-30_panthers_at_steelers,2018,Preseason Week 4,2018-08-30,Panthers,Steelers
2018_2018-08-30_patriots_at_giants,2018,Preseason Week 4,2018-08-30,Patriots,Giants
2018_2018-08-30_raiders_at_seahawks,2018,Preseason Week 4,2018-08-30,Raiders,Seahawks
2018_2018-08-30_rams_at_saints,2018,Preseason Week 4,2018-08-30,Rams,Saints
2018_2018-08-30_redskins_at_ravens,2018,Preseason Week 4,2018-08-30,Redskins,Ravens
2018_2018-08-30_vikings_at_titans,2018,Preseason Week 4,2018-08-30,Vikings,Titans
2019_2019-08-01_broncos_at_falcons,2019,Hall Of Fame,2019-08-01,Broncos,Falcons
2019_2019-08-08_broncos_at_seahawks,2019,Preseason Week 1,2019-08-08,Broncos,Seahawks
2019_2019-08-08_chargers_at_cardinals,2019,Preseason Week 1,2019-08-08,Chargers,Cardinals
2019_2019-08-08_colts_at_bills,2019,Preseason Week 1,2019-08-08,Colts,Bills
2019_2019-08-08_falcons_at_dolphins,2019,Preseason Week 1,2019-08-08,Falcons,Dolphins
2019_2019-08-08_jaguars_at_ravens,2019,Preseason Week 1,2019-08-08,Jaguars,Ravens
2019_2019-08-08_jets_at_giants,2019,Preseason Week 1,2019-08-08,Jets,Giants
2019_2019-08-08_panthers_at_bears,2019,Preseason Week 1,2019-08-08,Panthers,Bears
2019_2019-08-08_patriots_at_lions,2019,Preseason Week 1,2019-08-08,Patriots,Lions
2019_2019-08-08_redskins_at_browns,2019,Preseason Week 1,2019-08-08,Redskins,Browns
2019_2019-08-08_texans_at_packers,2019,Preseason Week 1,2019-08-08,Texans,Packers
2019_2019-08-08_titans_at_eagles,2019,Preseason Week 1,2019-08-08,Titans,Eagles
2019_2019-08-09_buccaneers_at_steelers,2019,Preseason Week 1,2019-08-09,Buccaneers,Steelers
2019_2019-08-09_vikings_at_saints,2019,Preseason Week 1,2019-08-09,Vikings,Saints
2019_2019-08-10_bengals_at_chiefs,2019,Preseason Week 1,2019-08-10,Bengals,Chiefs
2019_2019-08-10_cowboys_at_49ers,2019,Preseason Week 1,2019-08-10,Cowboys,49ers
2019_2019-08-10_rams_at_raiders,2019,Preseason Week 1,2019-08-10,Rams,Raiders
2019_2019-08-15_bengals_at_redskins,2019,Preseason Week 2,2019-08-15,Bengals,Redskins
2019_2019-08-15_eagles_at_jaguars,2019,Preseason Week 2,2019-08-15,Eagles,Jaguars
2019_2019-08-15_jets_at_falcons,2019,Preseason Week 2,2019-08-15,Jets,Falcons
2019_2019-08-15_packers_at_ravens,2019,Preseason Week 2,2019-08-15,Packers,Ravens
2019_2019-08-15_raiders_at_cardinals,2019,Preseason Week 2,2019-08-15,Raiders,Cardinals
2019_2019-08-16_bears_at_giants,2019,Preseason Week 2,2019-08-16,Bears,Giants
2019_2019-08-16_bills_at_panthers,2019,Preseason Week 2,2019-08-16,Bills,Panthers
2019_2019-08-16_dolphins_at_buccaneers,2019,Preseason Week 2,2019-08-16,Dolphins,Buccaneers
2019_2019-08-17_browns_at_colts,2019,Preseason Week 2,2019-08-17,Browns,Colts
2019_2019-08-17_chiefs_at_steelers,2019,Preseason Week 2,2019-08-17,Chiefs,Steelers
2019_2019-08-17_cowboys_at_rams,2019,Preseason Week 2,2019-08-17,Cowboys,Rams
2019_2019-08-17_lions_at_texans,2019,Preseason Week 2,2019-08-17,Lions,Texans
2019_2019-08-17_patriots_at_titans,2019,Preseason Week 2,2019-08-17,Patriots,Titans
2019_2019-08-18_saints_at_chargers,2019,Preseason Week 2,2019-08-18,Saints,Chargers
2019_2019-08-18_seahawks_at_vikings,2019,Preseason Week 2,2019-08-18,Seahawks,Vikings
2019_2019-08-19_49ers_at_broncos,2019,Preseason Week 2,2019-08-19,49ers,Broncos
2019_2019-08-22_giants_at_bengals,2019,Preseason Week 3,2019-08-22,Giants,Bengals
2019_2019-08-22_jaguars_at_dolphins,2019,Preseason Week 3,2019-08-22,Jaguars,Dolphins
2019_2019-08-22_packers_at_raiders,2019,Preseason Week 3,2019-08-22,Packers,Raiders
2019_2019-08-22_panthers_at_patriots,2019,Preseason Week 3,2019-08-22,Panthers,Patriots
2019_2019-08-22_ravens_at_eagles,2019,Preseason Week 3,2019-08-22,Ravens,Eagles
2019_2019-08-22_redskins_at_falcons,2019,Preseason Week 3,2019-08-22,Redskins,Falcons
2019_2019-08-23_bills_at_lions,2019,Preseason Week 3,2019-08-23,Bills,Lions
2019_2019-08-23_browns_at_buccaneers,2019,Preseason Week 3,2019-08-23,Browns,Buccaneers
2019_2019-08-24_49ers_at_chiefs,2019,Preseason Week 3,2019-08-24,49ers,Chiefs
2019_2019-08-24_bears_at_colts,2019,Preseason Week 3,2019-08-24,Bears,Colts
2019_2019-08-24_broncos_at_rams,2019,Preseason Week 3,2019-08-24,Broncos,Rams
2019_2019-08-24_cardinals_at_vikings,2019,Preseason Week 3,2019-08-24,Cardinals,Vikings
2019_2019-08-24_saints_at_jets,2019,Preseason Week 3,2019-08-24,Saints,Jets
2019_2019-08-24_seahawks_at_chargers,2019,Preseason Week 3,2019-08-24,Seahawks,Chargers
2019_2019-08-24_texans_at_cowboys,2019,Preseason Week 3,2019-08-24,Texans,Cowboys
2019_2019-08-25_steelers_at_titans,2019,Preseason Week 3,2019-08-25,Steelers,Titans
2019_2019-08-29_buccaneers_at_cowboys,2019,Preseason Week 4,2019-08-29,Buccaneers,Cowboys
2019_2019-08-29_cardinals_at_broncos,2019,Preseason Week 4,2019-08-29,Cardinals,Broncos
2019_2019-08-29_chargers_at_49ers,2019,Preseason Week 4,2019-08-29,Chargers,49ers
2019_2019-08-29_chiefs_at_packers,2019,Preseason Week 4,2019-08-29,Chiefs,Packers
2019_2019-08-29_colts_at_bengals,2019,Preseason Week 4,2019-08-29,Colts,Bengals
2019_2019-08-29_dolphins_at_saints,2019,Preseason Week 4,2019-08-29,Dolphins,Saints
2019_2019-08-29_eagles_at_jets,2019,Preseason Week 4,2019-08-29,Eagles,Jets
2019_2019-08-29_falcons_at_jaguars,2019,Preseason Week 4,2019-08-29,Falcons,Jaguars
2019_2019-08-29_giants_at_patriots,2019,Preseason Week 4,2019-08-29,Giants,Patriots
2019_2019-08-29_lions_at_browns,2019,Preseason Week 4,2019-08-29,Lions,Browns
2019_2019-08-29_raiders_at_seahawks,2019,Preseason Week 4,2019-08-29,Raiders,Seahawks
2019_2019-08-29_rams_at_texans,2019,Preseason Week 4,2019-08-29,Rams,Texans
2019_2019-08-29_ravens_at_redskins,2019,Preseason Week 4,2019-08-29,Ravens,Redskins
2019_2019-08-29_steelers_at_panthers,2019,Preseason Week 4,2019-08-29,Steelers,Panthers
2019_2019-08-29_titans_at_bears,2019,Preseason Week 4,2019-08-29,Titans,Bears
2019_2019-08-29_vikings_at_bills,2019,Preseason Week 4,2019-08-29,Vikings,Bills
2021_2021-08-05_cowboys_at_steelers,2021,Hall Of Fame,2021-08-05,Cowboys,Steelers
2021_2021-08-12_football_team_at_patriots,2021,Preseason Week 1,2021-08-12,Football Team,Patriots
2021_2021-08-12_steelers_at_eagles,2021,Preseason Week 1,2021-08-12,Steelers,Eagles
2021_2021-08-13_bills_at_lions,2021,Preseason Week 1,2021-08-13,Bills,Lions
2021_2021-08-13_cowboys_at_cardinals,2021,Preseason Week 1,2021-08-13,Cowboys,Cardinals
2021_2021-08-13_titans_at_falcons,2021,Preseason Week 1,2021-08-13,Titans,Falcons
2021_2021-08-14_bengals_at_buccaneers,2021,Preseason Week 1,2021-08-14,Bengals,Buccaneers
2021_2021-08-14_broncos_at_vikings,2021,Preseason Week 1,2021-08-14,Broncos,Vikings
2021_2021-08-14_browns_at_jaguars,2021,Preseason Week 1,2021-08-14,Browns,Jaguars
2021_2021-08-14_chargers_at_rams,2021,Preseason Week 1,2021-08-14,Chargers,Rams
2021_2021-08-14_chiefs_at_49ers,2021,Preseason Week 1,2021-08-14,Chiefs,49ers
2021_2021-08-14_dolphins_at_bears,2021,Preseason Week 1,2021-08-14,Dolphins,Bears
2021_2021-08-14_jets_at_giants,2021,Preseason Week 1,2021-08-14,Jets,Giants
2021_2021-08-14_saints_at_ravens,2021,Preseason Week 1,2021-08-14,Saints,Ravens
2021_2021-08-14_seahawks_at_raiders,2021,Preseason Week 1,2021-08-14,Seahawks,Raiders
2021_2021-08-14_texans_at_packers,2021,Preseason Week 1,2021-08-14,Texans,Packers
2021_2021-08-15_panthers_at_colts,2021,Preseason Week 1,2021-08-15,Panthers,Colts
2021_2021-08-19_patriots_at_eagles,2021,Preseason Week 2,2021-08-19,Patriots,Eagles
2021_2021-08-20_bengals_at_football_team,2021,Preseason Week 2,2021-08-20,Bengals,Football Team
2021_2021-08-20_chiefs_at_cardinals,2021,Preseason Week 2,2021-08-20,Chiefs,Cardinals
2021_2021-08-21_bills_at_bears,2021,Preseason Week 2,2021-08-21,Bills,Bears
2021_2021-08-21_broncos_at_seahawks,2021,Preseason Week 2,2021-08-21,Broncos,Seahawks
2021_2021-08-21_colts_at_vikings,2021,Preseason Week 2,2021-08-21,Colts,Vikings
2021_2021-08-21_falcons_at_dolphins,2021,Preseason Week 2,2021-08-21,Falcons,Dolphins
2021_2021-08-21_jets_at_packers,2021,Preseason Week 2,2021-08-21,Jets,Packers
2021_2021-08-21_lions_at_steelers,2021,Preseason Week 2,2021-08-21,Lions,Steelers
2021_2021-08-21_raiders_at_rams,2021,Preseason Week 2,2021-08-21,Raiders,Rams
2021_2021-08-21_ravens_at_panthers,2021,Preseason Week 2,2021-08-21,Ravens,Panthers
2021_2021-08-21_texans_at_cowboys,2021,Preseason Week 2,2021-08-21,Texans,Cowboys
2021_2021-08-21_titans_at_buccaneers,2021,Preseason Week 2,2021-08-21,Titans,Buccaneers
2021_2021-08-22_49ers_at_chargers,2021,Preseason Week 2,2021-08-22,49ers,Chargers
2021_2021-08-22_giants_at_browns,2021,Preseason Week 2,2021-08-22,Giants,Browns
2021_2021-08-23_jaguars_at_saints,2021,Preseason Week 2,2021-08-23,Jaguars,Saints
2021_2021-08-27_colts_at_lions,2021,Preseason Week 3,2021-08-27,Colts,Lions
2021_2021-08-27_eagles_at_jets,2021,Preseason Week 3,2021-08-27,Eagles,Jets
2021_2021-08-27_steelers_at_panthers,2021,Preseason Week 3,2021-08-27,Steelers,Panthers
2021_2021-08-27_vikings_at_chiefs,2021,Preseason Week 3,2021-08-27,Vikings,Chiefs
2021_2021-08-28_bears_at_titans,2021,Preseason Week 3,2021-08-28,Bears,Titans
2021_2021-08-28_buccaneers_at_texans,2021,Preseason Week 3,2021-08-28,Buccaneers,Texans
2021_2021-08-28_chargers_at_seahawks,2021,Preseason Week 3,2021-08-28,Chargers,Seahawks
2021_2021-08-28_packers_at_bills,2021,Preseason Week 3,2021-08-28,Packers,Bills
2021_2021-08-28_rams_at_broncos,2021,Preseason Week 3,2021-08-28,Rams,Broncos
2021_2021-08-28_ravens_at_football_team,2021,Preseason Week 3,2021-08-28,Ravens,Football Team
2021_2021-08-29_browns_at_falcons,2021,Preseason Week 3,2021-08-29,Browns,Falcons
2021_2021-08-29_dolphins_at_bengals,2021,Preseason Week 3,2021-08-29,Dolphins,Bengals
2021_2021-08-29_jaguars_at_cowboys,2021,Preseason Week 3,2021-08-29,Jaguars,Cowboys
2021_2021-08-29_patriots_at_giants,2021,Preseason Week 3,2021-08-29,Patriots,Giants
2021_2021-08-29_raiders_at_49ers,2021,Preseason Week 3,2021-08-29,Raiders,49ers
